Date,Nasdaq,Amazon,Cisco
1/2/1997,100,,100
1/3/1997,102.3409154,,104.3737585
1/6/1997,102.7875439,,107.3558586
1/7/1997,103.6722129,,108.5487075
1/8/1997,103.0959652,,105.3677713
1/9/1997,103.5527447,,106.5606202
1/10/1997,104.0071891,,109.1451099
1/13/1997,103.9205189,,109.9403483
1/14/1997,105.1268866,,114.7117172
1/15/1997,104.1250941,,111.9283915
1/16/1997,104.6661991,,111.9283915
1/17/1997,105.3369329,,115.5069292
1/20/1997,106.5261249,,118.8866838
1/21/1997,107.5169847,,119.0854582
1/22/1997,108.3829243,,117.1968109
1/23/1997,107.6263018,,114.1152884
1/24/1997,106.4909821,,109.1451099
1/27/1997,105.6305232,,108.7474994
1/28/1997,105.7523266,,109.5427467
1/29/1997,105.8147963,,104.9701609
1/30/1997,107.0523988,,107.3558586
1/31/1997,107.7418621,,110.9344052
2/3/1997,107.4451551,,108.5487075
2/4/1997,107.265562,,106.7594386
2/5/1997,105.2892944,,99.80119039
2/6/1997,105.1300129,,101.5904504
2/7/1997,106.0131188,,100.3976016
2/10/1997,104.2664181,,92.24650452
2/11/1997,103.9673663,,96.32205746
2/12/1997,106.1107217,,102.7832905
2/13/1997,107.0360046,,99.50296715
2/14/1997,106.7533375,,99.60238959
2/18/1997,106.6440299,,101.3916496
2/19/1997,106.6276262,,103.1809185
2/20/1997,105.2080952,,100.198792
2/21/1997,104.1867726,,92.84292454
2/24/1997,105.026939,,93.83695496
2/25/1997,105.2307326,,89.86084209
2/26/1997,104.6732334,,92.44532295
2/27/1997,102.4955168,,87.57452274
2/28/1997,102.209733,,88.46919245
3/3/1997,102.3799566,,86.28230436
3/4/1997,102.8632814,,88.66796679
3/5/1997,103.7784037,,90.45726211
3/6/1997,102.7118063,,86.87871556
3/7/1997,102.4283672,,81.70974502
3/10/1997,103.2810198,,84.89066353
3/11/1997,102.8156524,,83.89662429
3/12/1997,101.8294725,,80.91450658
3/13/1997,100.9822815,,82.70374899
3/14/1997,100.9580714,,80.41749137
3/17/1997,99.90084348,,78.13125138
3/18/1997,99.1129862,,80.11925932
3/19/1997,97.54744177,,79.52286575
3/20/1997,98.32592003,,81.31211698
3/21/1997,97.92066792,,78.3300169
3/24/1997,97.02819255,,74.9502976
3/25/1997,97.45140206,,76.14312
3/26/1997,99.09268404,,83.30017782
3/27/1997,97.56461758,,81.11332501
3/31/1997,95.3931442,,76.54075685
4/1/1997,95.02069963,,76.93834962
4/2/1997,93.77684437,,75.54671761
4/3/1997,94.7731753,,76.93834962
4/4/1997,96.56672348,,80.91450658
4/7/1997,97.70828635,,86.58050114
4/8/1997,98.17834333,,88.07153795
4/9/1997,97.55837443,,85.98408994
4/10/1997,96.49176752,,83.69777941
4/11/1997,94.23753185,,81.51092659
4/14/1997,94.9800953,,84.69183629
4/15/1997,94.70446249,,79.72166654
4/16/1997,94.50066883,,75.54671761
4/17/1997,95.03162276,,78.72763612
4/18/1997,95.46107542,,76.93834962
4/21/1997,94.00718334,,75.24847675
4/22/1997,94.69352983,,75.54671761
4/23/1997,95.81791688,,77.33597766
4/24/1997,95.89287284,,76.83896245
4/25/1997,94.4241497,,73.75744434
4/28/1997,95.02850595,,73.95625395
4/29/1997,97.02741097,,79.52286575
4/30/1997,98.44304348,,82.30612095
5/1/1997,99.20356434,,84.89066353
5/2/1997,101.9231675,,91.05365567
5/5/1997,104.570941,,93.63814535
5/6/1997,103.7167252,,91.84889411
5/7/1997,103.2958604,,93.43936219
5/8/1997,103.9142662,,97.61431993
5/9/1997,104.2437807,,98.01193916
5/12/1997,104.9574446,,100.0993872
5/13/1997,104.1297741,,99.20474392
5/14/1997,104.2828219,,98.60834154
5/15/1997,105.6906385,100,99.80119039
5/16/1997,104.6872829,88.29786852,97.81310309
5/19/1997,104.7271056,87.23404281,96.9184863
5/20/1997,106.4948901,83.51063457,102.3856801
5/21/1997,107.265562,72.87234098,104.5725593
5/22/1997,107.1757654,71.27659633,104.1749313
5/23/1997,108.5125341,76.59574313,107.157049
5/27/1997,110.0343574,80.85106422,109.3439371
5/28/1997,110.1101044,78.19148778,109.8409347
5/29/1997,109.5525957,76.8617026,106.163001
5/30/1997,109.3402046,76.59574313,107.7534602
6/2/1997,109.6892397,77.12765598,107.8528827
6/3/1997,108.1369631,75.53191133,102.9820913
6/4/1997,107.7278126,72.34042203,101.8886737
6/5/1997,108.5383073,78.72340063,102.9820913
6/6/1997,109.6931381,84.57446637,103.2802969
6/9/1997,110.2553364,86.17021102,105.7653994
6/10/1997,109.4471769,80.85106422,103.3796929
6/11/1997,109.9281666,78.72340063,101.2922448
6/12/1997,110.1991099,81.91488993,101.4413344
6/13/1997,111.1134601,80.85106422,106.0636226
6/16/1997,111.8099481,80.31914528,107.4552546
6/17/1997,112.6813493,76.8617026,109.3439371
6/18/1997,111.8474356,77.12765598,106.5606202
6/19/1997,112.9960233,77.12765598,109.7415475
6/20/1997,112.9928969,77.9255283,110.3379587
6/23/1997,111.9950028,76.59574313,111.0337747
6/24/1997,113.4090817,77.12765598,112.4254155
6/25/1997,112.9257473,77.12765598,109.3439371
6/26/1997,112.1558569,77.12765598,107.5546594
6/27/1997,112.2940641,76.06383027,105.7653994
6/30/1997,112.6001406,78.72340063,106.7594386
7/1/1997,112.3018704,77.39361545,108.6481123
7/2/1997,113.6573781,81.1170176,112.2266324
7/3/1997,114.5943657,97.60638303,113.8171004
7/7/1997,114.8387637,102.1276575,117.4949989
7/8/1997,115.9600244,117.553185,118.7872437
7/9/1997,116.0794926,118.6170229,121.3717599
7/10/1997,116.4152503,130.8510612,121.3717599
7/11/1997,117.3280278,117.0212783,120.0794886
7/14/1997,118.9880583,109.042555,121.7693703
7/15/1997,120.4114972,124.4680826,124.0059784
7/16/1997,123.4192289,119.1489297,126.14312
7/17/1997,122.4994171,113.29787,125.1490808
7/18/1997,120.8706215,110.1063807,121.5208494
7/21/1997,119.9523728,111.436172,122.0675935
7/22/1997,122.1097872,109.042555,125.6461136
7/23/1997,122.4057222,117.0212783,127.8329576
7/24/1997,122.5212825,115.4255336,127.0377544
7/25/1997,122.5564157,113.829789,126.7395665
7/28/1997,122.0840235,118.6170229,123.0616327
7/29/1997,122.7703604,126.5957462,126.0437416
7/30/1997,123.9986031,125.0000015,126.441352
7/31/1997,124.4483579,122.340419,126.5407569
8/1/1997,124.4889527,123.4042569,126.9383408
8/4/1997,125.3572275,118.085104,129.8210802
8/5/1997,126.612797,112.7659511,130.3180954
8/6/1997,127.3085034,114.8936147,127.8329576
8/7/1997,126.819717,111.1702065,125.3478992
8/8/1997,124.8161225,117.0212783,122.6640047
8/11/1997,123.8963107,118.8829763,119.9801279
8/12/1997,123.0764465,112.2340443,118.0914277
8/13/1997,123.6355184,112.2340443,119.4831126
8/14/1997,123.8924027,110.1063807,122.4651863
8/15/1997,121.9669,107.9787172,118.8866838
8/18/1997,122.5517357,104.2553211,120.9741406
8/19/1997,124.9871181,110.6382997,120.4771254
8/20/1997,127.172641,110.6382997,124.6520744
8/21/1997,125.5063673,107.9787172,123.1610287
8/22/1997,124.8293904,108.5106361,122.0675935
8/25/1997,125.0542678,113.29787,124.3538864
8/26/1997,124.2523705,119.6808486,123.3598472
8/27/1997,124.5834387,118.3510574,122.6640047
8/28/1997,123.4731012,121.2765933,119.2842854
8/29/1997,123.941595,119.4148953,119.8807231
9/2/1997,126.3441889,120.2127676,122.8627967
9/3/1997,126.3559032,119.1489297,123.7574135
9/4/1997,126.8548502,130.3191422,123.1610287
9/5/1997,127.7246882,127.6595719,124.5526607
9/8/1997,128.4727132,153.1914863,120.675935
9/9/1997,129.3214675,165.4255245,120.8747535
9/10/1997,127.9964131,168.6170138,115.3081373
9/11/1997,128.0440422,161.1702095,114.8111485
9/12/1997,128.7834793,188.2978685,114.9105357
9/15/1997,127.6583202,157.9787202,110.9344052
9/16/1997,130.2881267,171.2765963,118.4890205
9/17/1997,130.1218111,173.9361667,118.0914277
9/18/1997,130.399007,168.085107,117.793231
9/19/1997,131.2063754,201.5957446,116.5009773
9/22/1997,131.9161408,229.7872294,119.582491
9/23/1997,132.5337745,236.170208,120.8747535
9/24/1997,131.7568594,223.4042508,118.5884694
9/25/1997,131.0915967,208.2446766,115.9045749
9/26/1997,131.3531705,212.765945,117.0973797
9/29/1997,132.3479382,206.3829664,117.8926269
9/30/1997,131.6225506,221.5425406,116.2027629
10/1/1997,131.9825184,205.3191529,115.8051525
10/2/1997,132.9280939,204.7872218,120.9741406
10/3/1997,133.9790787,205.0531873,124.8509016
10/6/1997,134.4506988,210.6382936,126.5407569
10/7/1997,135.6500418,207.1808387,129.9204409
10/8/1997,136.0014122,204.5212806,128.528853
10/9/1997,136.3199846,191.4893578,130.2186906
10/10/1997,135.7874674,199.2021277,129.5228481
10/13/1997,136.0287391,204.255315,130.0198457
10/14/1997,135.3002346,203.1914893,128.7276185
10/15/1997,134.5646959,200.2659534,132.2067161
10/16/1997,132.7133676,185.1063792,129.9204409
10/17/1997,130.1514827,185.1063792,127.2365905
10/20/1997,131.6038116,195.2127661,129.5228481
10/21/1997,133.719068,226.0638333,134.0953986
10/22/1997,133.3708145,230.8510673,133.4989874
10/23/1997,130.4950467,229.7872294,129.6222617
10/24/1997,128.907637,256.6489228,127.6341921
10/27/1997,119.680648,218.0851101,115.9045749
10/28/1997,125.1674928,252.6595612,127.2365905
10/29/1997,125.1464091,275.2659519,128.0317848
10/30/1997,122.6212301,261.7021223,127.1371592
10/31/1997,124.4327357,259.5744709,130.4671585
11/3/1997,127.2725886,259.0425398,134.7912587
11/4/1997,127.3639484,253.1914923,132.703749
11/5/1997,127.8464916,248.9361652,135.8846851
11/6/1997,126.7619273,238.0319182,134.6918451
11/7/1997,125.1190822,228.7233915,132.9025586
11/10/1997,124.2070767,214.8936208,130.1192681
11/11/1997,123.7495156,201.5957446,128.2305768
11/12/1997,120.3802623,192.5531835,121.6699831
11/13/1997,121.749829,197.0744641,126.5407569
11/14/1997,123.6441064,212.765945,129.4234433
11/17/1997,126.0334229,223.4042508,132.1073378
11/18/1997,124.9660344,225.5319022,130.9144889
11/19/1997,125.0269409,230.3191361,132.2564185
11/20/1997,127.0055533,234.0425566,135.9840988
11/21/1997,126.5518905,229.2553226,135.3876347
11/24/1997,123.9158312,215.9574343,132.405561
11/25/1997,124.0759038,214.6276552,134.0953986
11/26/1997,124.5022301,217.553179,135.2882299
11/28/1997,124.9746318,210.6382936,137.17693
12/1/1997,127.3303688,218.0851101,143.8369461
12/2/1997,125.4290666,216.2233999,137.5745404
12/3/1997,126.1130684,222.872344,138.2206892
12/4/1997,125.9795507,229.7872294,137.3757308
12/5/1997,127.5786747,234.5744633,142.1470997
12/8/1997,128.9560476,240.4255352,142.743555
12/9/1997,126.5362779,239.3616973,139.0655772
12/10/1997,124.6669826,230.3191361,135.7852891
12/11/1997,121.6943936,239.3616973,131.5109795
12/12/1997,119.9796997,231.9148808,121.7693703
12/15/1997,119.9781461,234.0425566,123.2604424
12/16/1997,121.2618146,227.659578,127.435356
12/17/1997,120.8222108,224.2021231,129.2743449
12/18/1997,118.9341766,219.1489236,127.7832552
12/19/1997,119.055208,229.7872294,127.4851025
12/22/1997,119.6267757,239.893604,130.3180954
12/23/1997,117.8972509,236.170208,122.5645911
12/24/1997,117.0867562,235.1063701,123.0119303
12/26/1997,118.0120296,230.8510673,126.8886737
12/29/1997,120.047631,242.5531866,133.5983834
12/30/1997,122.2011469,247.6063861,134.4930267
12/31/1997,122.6165406,256.3829816,133.0020163
1/2/1998,123.4895049,253.1914923,138.5188508
1/5/1998,124.4725584,242.5531866,138.2206892
1/6/1998,123.3809694,247.074455,136.4314116
1/7/1998,121.9411268,244.1489312,132.405561
1/8/1998,121.4601467,235.6383012,133.8966243
1/9/1998,117.3748753,217.553179,129.4234433
1/12/1998,117.715313,219.6808547,132.8528474
1/13/1998,120.3740192,237.2340459,133.5983834
1/14/1998,120.9307464,248.9361652,135.9840988
1/15/1998,120.7980103,252.9255268,137.027858
1/16/1998,122.0332681,244.680838,138.0715468
1/20/1998,124.1617924,252.9255268,141.9482813
1/21/1998,123.988452,259.0425398,141.6500404
1/22/1998,123.0975302,262.2340291,137.7733412
1/23/1998,123.0522459,252.1276545,137.624234
1/26/1998,121.9223878,245.7446759,135.0894643
1/27/1998,123.2841481,242.5531866,141.3518701
1/28/1998,125.7765291,243.6170244,147.6143111
1/29/1998,126.453506,253.1914923,152.0874304
1/30/1998,126.443355,251.0638166,150.4473128
2/2/1998,129.0614568,265.4255184,152.5347785
2/3/1998,130.11166,263.0319014,150.2982144
2/4/1998,131.2126185,258.5106331,154.0258153
2/5/1998,130.9362137,252.1276545,153.5784672
2/6/1998,132.298746,250.5319098,157.3061739
2/9/1998,131.9926695,247.8723273,152.6839121
2/10/1998,133.44578,270.7446835,154.4731633
2/11/1998,133.4075204,270.2127524,154.7713425
2/12/1998,133.8596105,268.6170077,155.6659857
2/13/1998,133.5535339,264.8936116,154.7713425
2/17/1998,133.0077394,262.7659602,154.9204585
2/18/1998,133.968146,259.0425398,156.2625028
2/19/1998,134.8489167,267.0212631,156.113228
2/20/1998,134.9363685,269.1489388,157.0079242
2/23/1998,136.7814536,276.0638242,156.5606643
2/24/1998,135.7624758,276.0638242,154.4731633
2/25/1998,137.9308228,280.3191514,159.2445235
2/26/1998,138.7608381,309.5744618,158.6480594
2/27/1998,138.2454968,327.6595597,157.1569873
3/2/1998,137.3108539,324.4680704,155.6659857
3/3/1998,137.2015368,305.3191346,153.8766992
3/4/1998,137.4014225,312.4999855,155.6659857
3/5/1998,133.6706574,319.1489297,147.6143111
3/6/1998,136.9165345,326.5957462,153.5784672
3/9/1998,134.7044663,355.3191498,146.0486722
3/10/1998,136.5276861,353.6569077,146.4214623
3/11/1998,137.1788899,338.8297722,149.4035359
3/12/1998,137.7418697,334.0425383,152.5347785
3/13/1998,138.3352933,334.8404106,154.0258153
3/16/1998,139.6252145,336.1702141,153.5784672
3/17/1998,138.9318433,339.8936101,154.0258153
3/18/1998,139.6330208,363.0319075,151.6401881
3/19/1998,140.5465799,357.4468013,153.429457
3/20/1998,139.7017336,357.4468013,151.7892336
3/23/1998,139.9633074,356.6489289,154.4731633
3/24/1998,141.5194824,358.5106391,161.779249
3/25/1998,142.4619411,347.6063678,165.9542685
3/26/1998,142.776615,352.1276605,165.5069557
3/27/1998,142.3924467,361.7021284,165.5069557
3/30/1998,142.0082783,365.4255245,160.8846587
3/31/1998,143.3341238,363.9627505,163.1212227
4/1/1998,144.2695483,383.5106224,165.3578573
4/2/1998,144.6833787,404.5212684,167.594439
4/3/1998,144.8739045,395.7446728,168.6382159
4/6/1998,142.8234625,377.1276438,164.6122419
4/7/1998,140.4474139,365.9574313,164.6122419
4/8/1998,141.0955008,377.1276438,162.8230259
4/9/1998,142.1285281,405.3191407,159.8409523
4/13/1998,142.4962927,401.3297791,158.6480594
4/14/1998,143.9080268,413.5638052,161.4811052
4/15/1998,145.4876303,409.0425611,168.6382159
4/16/1998,145.0956556,419.1489114,167.4453229
4/17/1998,145.7484225,403.7233961,168.0417694
4/20/1998,147.352236,401.0638135,172.3657638
4/21/1998,148.6585514,396.0106384,176.2425513
4/22/1998,149.7314015,371.2765963,175.6461224
4/23/1998,146.9032628,344.6808441,171.0237725
4/24/1998,145.9326956,361.1701973,171.6202366
4/27/1998,142.1339992,352.1276605,168.0417694
4/28/1998,143.0288193,406.9148854,169.0854758
4/29/1998,144.5803143,406.3829786,171.7693526
4/30/1998,145.889756,390.4255321,174.7514615
5/1/1998,146.2825028,402.1276514,175.6461224
5/4/1998,146.7057123,405.3191407,178.7772768
5/5/1998,145.616468,398.8031915,175.6461224
5/6/1998,144.9738522,384.5744603,181.3120729
5/7/1998,143.2919563,387.2340428,179.8210713
5/8/1998,145.5743005,393.0850903,180.715697
5/11/1998,144.3015551,369.6808517,178.3299816
5/12/1998,145.245577,388.8297875,182.206769
5/13/1998,145.715634,395.2127661,181.3120729
5/14/1998,145.6516012,389.6276598,181.4612595
5/15/1998,144.2000539,381.382971,182.206769
5/18/1998,143.0171051,374.7340268,185.4870218
5/19/1998,144.1297779,384.5744603,191.786786
5/20/1998,143.0272562,377.1276438,187.5745404
5/21/1998,142.1870898,377.6595749,185.4870218
5/22/1998,140.9385546,365.9574313,183.3995385
5/26/1998,138.8373572,348.4042401,181.3120729
5/27/1998,139.0723857,368.6170138,185.6361555
5/28/1998,140.1280599,365.6914901,184.8906459
5/29/1998,138.8982637,374.9999924,180.4175002
6/1/1998,136.3957221,364.3616866,175.4969535
6/2/1998,137.5646214,371.8085031,182.3558145
6/3/1998,136.0435797,359.5744527,178.0318201
6/4/1998,138.2017661,373.4042477,183.3995385
6/5/1998,139.2145008,376.595737,184.7415299
6/8/1998,139.5931981,393.6170214,184.8906459
6/9/1998,140.6074864,436.1702201,189.6620237
6/10/1998,138.4594415,460.6382723,188.767398
6/11/1998,136.6245074,531.9148991,188.6182468
6/12/1998,136.2575244,519.1489419,188.767398
6/15/1998,133.9697092,559.5744405,186.6799148
6/16/1998,136.8876444,626.5957157,190.70573
6/17/1998,138.7054027,672.3404281,192.4950518
6/18/1998,138.4164924,613.8297585,195.924403
6/19/1998,139.0872263,645.2127691,198.3101183
6/22/1998,141.0025779,692.5531774,201.8886384
6/23/1998,144.0282671,788.8297875,207.256445
6/24/1998,146.6198236,849.4680354,209.493009
6/25/1998,145.4868487,843.0850568,207.7037402
6/26/1998,145.9772078,802.1276271,214.4134852
6/29/1998,147.6598757,840.4255473,219.0357293
6/30/1998,147.9456596,848.936153,219.632211
7/1/1998,149.4854403,971.2766085,225.5964288
7/2/1998,147.8878795,1055.319095,220.9741495
7/6/1998,149.0958104,1187.234018,221.8688103
7/7/1998,148.9896196,1039.361649,221.2723286
7/8/1998,151.1197071,911.7020767,224.8508311
7/9/1998,151.4656063,897.8723547,221.7196591
7/10/1998,151.7170386,846.8085259,221.7196591
7/13/1998,153.4731088,915.9574282,224.8508311
7/14/1998,153.6979862,978.7233519,226.3419384
7/15/1998,155.7382771,957.4467891,227.9820913
7/16/1998,156.2083341,964.8936299,228.4294041
7/17/1998,156.8486052,1019.68083,237.9721067
7/20/1998,157.2772762,1170.21271,246.1729414
7/21/1998,154.5358078,1123.936115,236.0337923
7/22/1998,153.8026138,1140.425541,234.9899978
7/23/1998,151.1064296,1086.170223,236.4811757
7/24/1998,150.776143,1057.44682,233.2007995
7/27/1998,150.9533914,1068.617032,232.6043706
7/28/1998,148.08543,1012.23399,229.0258153
7/29/1998,146.9110691,917.5531729,224.2544728
7/30/1998,149.8852213,968.0851192,234.9899978
7/31/1998,146.2005221,943.6169697,228.4294041
8/3/1998,144.5381468,921.2765446,230.2187082
8/4/1998,139.4268824,935.106364,222.1669542
8/5/1998,139.6267681,903.7233535,230.8150841
8/6/1998,142.8523526,931.9148747,237.0775516
8/7/1998,144.2000539,987.234055,231.1132809
8/10/1998,143.6097471,1035.106394,236.6302212
8/11/1998,139.9781385,1055.319095,233.7972283
8/12/1998,142.5415865,1109.574413,235.1391315
8/13/1998,140.7464752,1085.106361,230.6659857
8/14/1998,139.7821511,1044.680862,230.0695745
8/17/1998,141.9567509,1018.616968,234.0953545
8/18/1998,144.8520392,1095.212711,239.015866
8/19/1998,143.881472,1095.744691,241.5506268
8/20/1998,143.08191,1098.93618,244.831003
8/21/1998,140.3615253,1103.723414,245.1291822
8/24/1998,139.8313434,1146.80852,245.7255934
8/25/1998,140.4052559,1120.212743,247.9622279
8/26/1998,138.0596605,1082.978734,247.2167183
8/27/1998,131.6787771,1012.765969,236.4811757
8/28/1998,128.0299927,901.1967902,225.8946609
8/31/1998,117.0648909,712.7659268,195.3279918
9/1/1998,122.9866499,680.4520976,214.7117172
9/2/1998,124.3733924,747.872309,218.5884518
9/3/1998,122.7344456,730.851049,216.2027717
9/4/1998,122.3174888,734.0425383,212.9224836
9/8/1998,129.6837705,785.106367,225.7455272
9/9/1998,126.8486071,719.1489053,216.6500669
9/10/1998,123.786212,677.6595445,210.9840459
9/11/1998,128.1830309,647.3403962,221.2723286
9/14/1998,130.0609046,627.1276468,223.5088926
9/15/1998,131.0306902,621.2765994,230.5168874
9/16/1998,131.9520652,719.1489053,231.2623617
9/17/1998,128.5429892,655.3191194,220.0794886
9/18/1998,129.9109927,678.1914756,218.5138585
9/21/1998,131.2118465,727.6595597,222.7634007
9/22/1998,132.5681357,750.5319159,224.9999824
9/23/1998,137.4459348,894.6808654,237.0775516
9/24/1998,134.3281043,869.148951,232.380679
9/25/1998,136.1435178,929.7872476,237.7484856
9/28/1998,135.8022985,984.0425657,237.0775516
9/29/1998,135.3986191,962.7659054,231.2623617
9/30/1998,132.2589233,949.9999483,221.1977706
10/1/1998,125.8944341,873.4042051,204.8707649
10/2/1998,126.1013541,938.2978533,199.5029583
10/5/1998,119.9882877,891.0904399,172.8876523
10/6/1998,117.97377,921.8085244,165.2832817
10/7/1998,114.2039542,795.2127661,157.0079242
10/8/1998,110.8081556,733.5106072,167.0725505
10/9/1998,116.5370537,776.0638303,179.1500669
10/12/1998,120.7214816,793.0850903,187.425442
10/13/1998,117.8613265,777.6595749,181.3866838
10/14/1998,120.3224822,795.7446485,186.5307811
10/15/1998,125.7913697,826.0638455,203.7524653
10/16/1998,126.5675032,846.2765461,198.1610552
10/19/1998,128.7366318,899.9999817,201.2921743
10/20/1998,127.9917236,908.5105874,193.6878213
10/21/1998,130.7683348,936.1702262,206.2126857
10/22/1998,132.9460513,976.0638424,209.1202719
10/23/1998,132.2604864,988.2978198,210.0149151
10/26/1998,134.6904073,1033.51065,219.632211
10/27/1998,134.1165043,989.8935645,217.3956294
10/28/1998,135.656285,996.2765431,224.9999824
10/29/1998,137.2054352,1076.595755,224.3289779
10/30/1998,138.3142096,1076.063775,225.4472952
11/2/1998,140.6192007,1114.893627,231.486071
11/3/1998,139.6447351,1072.872286,226.7891807
11/4/1998,142.3885388,1104.787179,234.6173135
11/5/1998,143.4449946,1093.616967,242.6689794
11/6/1998,144.9644827,1060.106329,241.326988
11/9/1998,145.3150714,1079.787245,239.7614461
11/10/1998,145.6719034,1121.276605,239.7614461
11/11/1998,145.3978337,1077.65952,236.4064766
11/12/1998,144.53503,1114.893627,233.2753398
11/13/1998,144.295312,1087.233988,231.486071
11/16/1998,145.3642637,1074.468031,239.5377544
11/17/1998,146.679167,1263.829762,246.0238607
11/18/1998,148.156478,1395.744685,260.7852539
11/19/1998,149.8930372,1304.25526,262.3508487
11/20/1998,150.5590719,1537.233979,267.0476156
11/23/1998,154.4015085,1855.319046,272.6390609
11/24/1998,153.5004357,1825.531878,272.6390609
11/25/1998,155.0097631,1789.893516,275.7703564
11/27/1998,157.4482719,1843.617049,286.2823308
11/30/1998,152.2245735,1634.04252,269.7315982
12/1/1998,156.4574121,1782.978752,285.3876699
12/2/1998,155.7905862,1697.872306,280.0199162
12/3/1998,152.5985813,1612.765957,272.6390609
12/4/1998,156.4113462,1604.255254,280.0199162
12/7/1998,159.3378693,1625.531914,286.9532471
12/8/1998,158.8779634,1736.702157,285.6112734
12/9/1998,160.101507,1840.42556,288.96619
12/10/1998,157.4107939,1813.829685,290.5318201
12/11/1998,158.4532003,1897.872367,298.8070718
12/14/1998,153.5816443,1891.489388,287.6242516
12/15/1998,157.1484385,2065.95734,299.7017327
12/16/1998,156.8954526,2459.574483,295.899662
12/17/1998,159.5908552,2355.319101,303.7276185
12/18/1998,162.8906045,2439.893568,323.6331266
12/21/1998,166.9423058,2712.765902,338.8419032
12/22/1998,165.6109988,2743.617031,335.7107488
12/23/1998,169.6369268,2765.957456,345.3279918
12/24/1998,168.895145,2764.361711,337.0526167
12/28/1998,170.2428463,2995.212705,337.0526167
12/29/1998,170.3576249,2828.191497,334.5924138
12/30/1998,169.2004399,2734.042563,331.684863
12/31/1998,171.2102776,2734.042563,332.1321758
1/4/1999,172.4096301,3020.74462,341.0785025
1/5/1999,175.7843449,3178.72334,346.893569
1/6/1999,181.2180992,3523.404184,356.9581953
1/7/1999,181.6264681,4056.382896,370.8250334
1/8/1999,183.0569221,4091.489279,381.7843559
1/11/1999,186.1942827,4713.829692,374.6271041
1/12/1999,181.2095017,4171.276511,351.1431641
1/13/1999,180.901862,3778.723328,343.0913925
1/14/1999,177.7793515,3523.404184,344.8807495
1/15/1999,183.3528571,3584.04248,363.8916673
1/19/1999,188.0354504,3569.680779,380.6658447
1/20/1999,188.6070182,2885.106324,379.7713954
1/21/1999,183.0811322,2706.382924,362.549623
1/22/1999,182.6251247,3140.425468,367.9174473
1/25/1999,185.0011829,2869.148878,370.1540113
1/26/1999,190.006247,2938.56377,383.3498979
1/27/1999,187.9550234,3207.446743,370.1540113
1/28/1999,193.4364162,3137.233979,389.6123124
1/29/1999,195.6656507,2985.638237,399.2295907
2/1/1999,195.9936116,2958.510578,411.5307811
2/2/1999,192.3494976,2814.89356,402.1931835
2/3/1999,194.6911851,3210.638233,397.6639783
2/4/1999,188.1838182,3012.765896,376.6401352
2/5/1999,185.3377222,2958.510578,362.3260548
2/8/1999,187.781683,2786.170156,364.7862224
2/9/1999,180.431805,2553.191438,343.3150665
2/10/1999,180.3310758,2487.765907,352.7086002
2/11/1999,187.8308847,2805.319092,375.2982673
2/12/1999,181.2985072,2668.085052,354.4978867
2/16/1999,180.6723046,2518.085055,354.4978867
2/17/1999,175.6000623,2387.233994,340.4074451
2/18/1999,176.508951,2285.106337,344.2097274
2/19/1999,178.3087518,2601.063777,347.5645911
2/22/1999,182.8695322,2719.148881,365.2335704
2/23/1999,185.5508853,2940.957387,368.3648306
2/24/1999,182.6641658,2832.446751,357.6292174
2/25/1999,181.6834666,3191.489297,352.4851025
2/26/1999,178.6546511,3271.276529,350.0247586
3/1/1999,179.2129319,3395.744612,355.8398604
3/2/1999,176.3902643,3097.340363,342.4204409
3/3/1999,176.872026,3153.191425,340.4074451
3/4/1999,179.0341204,3067.021214,351.5904769
3/5/1999,182.4869366,3102.127597,360.7604424
3/8/1999,187.2116974,3119.680788,374.1798619
3/9/1999,186.8462585,3317.553124,376.863774
3/10/1999,187.8660179,3501.063759,373.5089456
3/11/1999,188.3540323,3443.616951,377.5347961
3/12/1999,185.9553463,3403.723335,369.4830597
3/15/1999,189.8524271,3547.340354,375.7455096
3/16/1999,190.4638176,3416.489292,379.3240473
3/17/1999,189.6595661,3344.680783,379.5476508
3/18/1999,192.3135828,3534.574396,382.4553781
3/19/1999,189.0583362,3448.404185,373.9562231
3/22/1999,187.0805054,3370.212698,367.6937732
3/23/1999,181.3727006,3047.872279,358.9710853
3/24/1999,184.6865089,3157.978659,373.7325843
3/25/1999,190.114792,3571.276523,384.4682328
3/26/1999,188.8943558,3550.531843,376.4164259
3/29/1999,194.6466919,3820.212688,393.6380572
3/30/1999,193.6667552,4204.787149,393.4145595
3/31/1999,192.1917698,4396.276507,392.0725153
4/1/1999,194.6880778,4365.957358,393.4145595
4/5/1999,199.8953819,4761.702031,409.5178206
4/6/1999,200.1382072,4669.148841,412.4253714
4/7/1999,198.6749456,4488.829696,424.9501653
4/8/1999,200.936206,4570.212673,420.9244559
4/9/1999,202.4713163,4669.148841,422.7137424
4/12/1999,202.9210711,4709.042458,421.3718392
4/13/1999,201.7256265,4554.255227,408.3995209
4/14/1999,195.7741957,4289.361615,396.3221104
4/15/1999,196.9056075,4270.212679,394.7564979
4/16/1999,193.9595638,4851.063731,378.2056066
4/19/1999,183.1506361,4057.978641,357.8528209
4/20/1999,188.1502291,4391.489273,363.4443192
4/21/1999,194.3531017,4576.595652,386.2574135
4/22/1999,200.0164133,4852.659476,405.0446925
4/23/1999,202.2870337,5364.893508,420.0298303
4/26/1999,207.0781721,5289.89351,420.9244559
4/27/1999,203.202156,5256.382872,411.7544551
4/28/1999,199.138769,4940.425432,399.9005423
4/29/1999,197.4264104,4295.744594,390.7306121
4/30/1999,198.5523701,4393.085017,408.1758821
5/3/1999,197.9839287,3853.723326,406.6103049
5/4/1999,194.0438988,3651.063756,388.7176868
5/5/1999,197.8956858,3740.425456,397.1048637
5/6/1999,193.0413152,3507.446737,382.6788405
5/7/1999,195.4884214,3481.914823,388.2703387
5/10/1999,197.2663379,3749.999924,390.9542509
5/11/1999,200.4122768,3788.297795,400.3478198
5/12/1999,203.5246458,3649.468011,424.9501653
5/13/1999,201.608503,3472.340355,421.1480946
5/14/1999,197.3811356,3379.787165,413.0963583
5/17/1999,200.0343707,3513.829716,416.6747902
5/18/1999,199.7626458,3386.170144,415.7803057
5/19/1999,201.2493168,3563.2978,417.1222441
5/20/1999,198.5031684,3339.893549,410.6361555
5/21/1999,196.7783235,3282.446742,405.2683665
5/24/1999,191.5874136,2999.999939,391.4015637
5/25/1999,185.9061445,2848.404198,373.5089456
5/26/1999,189.5197958,3087.765895,390.5068675
5/27/1999,188.8927926,2924.999941,386.4810522
5/28/1999,192.9038896,3031.914832,390.0596252
6/1/1999,188.3368565,2701.59569,383.1261533
6/2/1999,189.9281647,2862.765899,394.0855111
6/3/1999,187.6567627,2682.446754,389.3885679
6/4/1999,193.5144985,2768.616965,411.0833625
6/7/1999,197.0961238,2996.80845,412.8727901
6/8/1999,193.2193451,2848.404198,399.6769741
6/9/1999,196.7166545,2910.638239,407.057653
6/10/1999,194.0048576,2960.106323,395.2037049
6/11/1999,191.1360956,2701.59569,396.0982953
6/14/1999,187.2655696,2348.936123,385.8101359
6/15/1999,188.5429854,2463.829737,397.8877228
6/16/1999,196.5979678,2851.595687,416.0039445
6/17/1999,198.6530803,2883.51058,420.0298303
6/18/1999,200.1592909,2842.021219,427.1869057
6/21/1999,205.3783189,3153.191425,440.6063605
6/22/1999,201.4726406,2999.999939,425.8449673
6/23/1999,202.8671989,3006.382918,442.8428187
6/24/1999,199.421417,2901.063771,431.2126505
6/25/1999,199.3167799,2813.297815,438.817074
6/28/1999,203.2045007,2826.063772,443.2903079
6/29/1999,206.3020386,2963.297812,447.3160173
6/30/1999,209.7384414,3194.680786,461.1827497
7/1/1999,211.3047579,3124.468022,460.7356132
7/2/1999,214.0251522,3167.553127,479.9701697
7/6/1999,213.694084,3239.361636,477.2862929
7/7/1999,214.18288,3111.702065,474.1551032
7/8/1999,216.4332172,3201.063765,475.4969711
7/9/1999,218.0893398,3204.255254,479.9701697
7/12/1999,217.8839734,2996.80845,469.6819399
7/13/1999,216.9305916,3220.212701,466.9979925
7/14/1999,220.0460678,3446.808441,467.4453053
7/15/1999,221.7045542,3563.2978,476.391632
7/16/1999,223.6651901,3513.829716,472.3657109
7/19/1999,220.9955608,3362.233974,464.7613579
7/20/1999,213.3348978,3067.021214,445.5268014
7/21/1999,215.6453599,3202.659509,451.3419384
7/22/1999,209.6072495,2727.127604,437.4751356
7/23/1999,210.2287815,2924.999941,450.4472775
7/26/1999,204.5123793,2704.787179,437.027717
7/27/1999,209.2082596,2578.723352,450.4472775
7/28/1999,211.2782221,2699.999945,453.1311191
7/29/1999,206.1380581,2593.085054,441.9482989
7/30/1999,206.0193715,2554.787182,444.6321758
8/2/1999,204.8590601,2399.999951,442.3955412
8/3/1999,202.0762153,2422.340376,437.4751356
8/4/1999,198.3290464,2257.978678,433.0019017
8/5/1999,200.3459183,2482.978673,440.1589772
8/6/1999,198.95136,2286.702081,445.5268014
8/9/1999,196.6877549,2182.978679,428.0814255
8/10/1999,194.4335287,2323.404208,420.4771783
8/11/1999,200.2795407,2321.808464,450.4472775
8/12/1999,199.0700466,2342.553144,441.5008803
8/13/1999,205.9662809,2487.765907,454.9205114
8/16/1999,206.5495534,2510.106332,454.4731986
8/17/1999,208.5757853,2789.361646,459.8408818
8/18/1999,207.5216742,2888.297814,453.1311191
8/19/1999,204.6872829,2709.574413,445.5268014
8/20/1999,206.7877082,2896.276537,458.9462562
8/23/1999,212.3502906,3022.340364,470.5764244
8/24/1999,214.9113939,3065.42547,475.0496936
8/25/1999,219.0677133,3392.553123,491.1530252
8/26/1999,216.6487251,3282.446742,493.3896245
8/27/1999,215.4212546,3280.850997,490.2583643
8/30/1999,211.8130745,3044.680789,477.7335352
8/31/1999,213.8947608,3175.53185,485.3379587
9/1/1999,214.7887994,3039.893555,493.3896245
9/2/1999,213.4957519,3067.021214,488.4691836
9/3/1999,221.9965812,3188.297808,507.7037754
9/7/1999,221.5397921,3213.829722,503.6778896
9/8/1999,219.3128834,3137.233979,493.3896245
9/9/1999,222.6922877,3248.936104,500.5466294
9/10/1999,225.4282946,3395.744612,506.3617312
9/13/1999,222.126191,3232.978658,505.9144889
9/14/1999,223.9626883,3370.212698,514.8608509
9/15/1999,219.7368649,3347.872272,504.57248
9/16/1999,219.1551556,3331.914826,504.57248
9/17/1999,224.0665438,3258.510572,526.043918
9/20/1999,225.3572275,3204.255254,523.8071423
9/21/1999,220.277989,3178.72334,509.0456433
9/22/1999,223.1717046,3370.212698,517.0973797
9/23/1999,214.7130618,3178.72334,496.5207436
9/24/1999,213.9775136,3319.148869,493.8368668
9/27/1999,215.6437968,3194.680786,487.5744522
9/28/1999,215.2143441,3363.829719,489.3638445
9/29/1999,213.1857674,4123.404172,478.1808832
9/30/1999,214.4264868,4081.914811,490.7057124
10/1/1999,213.6995551,3944.680771,492.9422412
10/4/1999,218.3157709,3935.106303,504.57248
10/5/1999,218.6046716,4005.319068,512.6242163
10/6/1999,223.0975302,4209.574383,514.7488023
10/7/1999,223.3700367,4458.510548,507.2563216
10/8/1999,225.390035,4557.446716,513.9662958
10/11/1999,227.6840839,4512.765866,518.4393534
10/12/1999,224.2859406,4337.233955,513.5187714
10/13/1999,218.7296109,4081.914811,503.2305416
10/14/1999,219.1645346,4064.36162,496.5207436
10/15/1999,213.3075804,3832.978646,480.8648659
10/18/1999,209.975014,3781.914817,482.2067338
10/19/1999,209.8992765,3912.765878,482.2067338
10/20/1999,217.7035987,4110.638214,500.5466294
10/21/1999,218.7827015,4123.404172,495.1788405
10/22/1999,219.920366,4014.893536,476.391632
10/25/1999,219.8758537,4225.531829,475.9442134
10/26/1999,219.5260465,4148.936086,481.3120376
10/27/1999,218.8272137,3877.659496,495.1788405
10/28/1999,224.5037933,3625.531841,507.7037754
10/29/1999,231.625677,3606.382906,529.6222441
11/1/1999,231.7209351,3529.787162,521.5705078
11/2/1999,232.8125241,3392.553123,526.043918
11/3/1999,236.4730323,3360.63823,511.7295202
11/4/1999,238.6156061,3220.212701,500.9940128
11/5/1999,242.2339469,3315.95738,525.5963936
11/8/1999,245.4884119,3982.978643,539.0157425
11/9/1999,244.0103192,3615.957373,531.4113895
11/10/1999,246.4246179,3676.59567,568.985877
11/11/1999,249.6517655,3727.659499,599.4034654
11/12/1999,251.5147986,3826.595667,597.1669366
11/15/1999,251.3890967,3753.191413,592.6935969
11/16/1999,257.3217885,4030.850982,604.7712896
11/17/1999,255.281488,3906.382899,606.5607524
11/18/1999,261.3500613,3979.787153,629.3738114
11/19/1999,263.0787951,3979.787153,630.7152914
11/22/1999,264.8988981,4110.638214,626.2426571
11/23/1999,261.0189931,4174.468,633.3995209
11/24/1999,267.080513,4455.319059,661.5804747
11/26/1999,269.2129453,4755.319052,666.9482989
11/29/1999,267.1484538,4618.085013,663.817074
11/30/1999,260.4950448,4343.616933,638.3200676
12/1/1999,261.8653931,4340.425444,654.4232581
12/2/1999,269.601012,4547.872248,669.1848277
12/3/1999,274.8988848,4420.212676,683.9462562
12/6/1999,276.8806235,4480.850973,703.1809538
12/7/1999,280.0749636,4394.680762,726.4411493
12/8/1999,280.0093867,4522.340334,715.2584349
12/9/1999,280.6410603,5291.489254,705.8647601
12/10/1999,282.6766712,5447.87223,714.3637387
12/13/1999,285.6383276,5234.042447,724.2046205
12/14/1999,278.8834269,4882.978624,700.9442839
12/15/1999,282.8101889,4927.659474,686.1827849
12/16/1999,290.0804404,4844.680753,700.4969359
12/17/1999,293.0475679,4803.191392,713.4693952
12/20/1999,295.4532882,4953.191389,738.9661195
12/21/1999,305.3915867,5099.999897,744.3340143
12/22/1999,307.4334504,4988.297771,733.5981542
12/23/1999,309.9430072,4595.744588,747.4651686
12/27/1999,310.4068115,4142.553107,752.8328518
12/28/1999,310.1514999,4203.191404,752.8328518
12/29/1999,315.5664961,4263.829701,759.5427908
12/30/1999,315.2081105,4037.233961,759.9899978
12/31/1999,317.7410958,3887.233964,766.6997957
1/3/2000,322.5696931,4563.829695,773.409241
1/4/2000,304.6529312,4184.042468,730.0200044
1/5/2000,302.7672513,3561.702055,727.7833346
1/6/2000,291.0228801,3347.872272,715.7056419
1/7/2000,303.1639155,3552.127587,757.7537512
1/10/2000,316.2075487,3532.978652,785.9342112
1/11/2000,306.1755361,3408.510569,762.2265971
1/12/2000,300.6184248,3245.744615,742.9917584
1/13/2000,308.9880621,3367.021208,759.9899978
1/14/2000,317.3475579,3280.850997,769.8308796
1/18/2000,322.5431573,3274.468019,801.5903358
1/19/2000,324.1422814,3411.702058,803.8268646
1/20/2000,327.1265656,3306.382912,804.2744243
1/21/2000,330.7097731,3169.148872,824.8507429
1/24/2000,319.8313605,3580.850991,780.566528
1/25/2000,325.4009772,3536.170141,802.485173
1/26/2000,317.7879337,3309.574401,767.1471438
1/27/2000,315.4181473,3418.085037,763.1212227
1/28/2000,303.5113779,3149.999936,743.439177
1/31/2000,307.6716052,3296.808444,783.6976119
2/1/2000,316.3879234,3443.616951,843.1908854
2/2/2000,318.1041709,3545.744609,815.0098611
2/3/2000,328.8030094,4298.936083,843.1908854
2/4/2000,331.3922307,4011.702046,866.8983585
2/7/2000,337.4537506,3829.787156,895.9739378
2/8/2000,345.7093909,4244.680765,900.4473481
2/9/2000,340.6918405,4097.872257,921.9185039
2/10/2000,350.2483059,3890.425453,972.9125873
2/11/2000,343.2068683,3890.425453,937.1271394
2/14/2000,345.010539,3801.063753,933.995985
2/15/2000,345.1838985,3769.14886,916.1032611
2/16/2000,345.7210956,3609.574395,910.176287
2/17/2000,355.1901378,3523.404184,933.995985
2/18/2000,344.4788321,3306.382912,900.4473481
2/22/2000,342.1660252,3245.744615,887.0278228
2/23/2000,355.3002461,3596.808438,992.1471438
2/24/2000,360.5567329,3494.68078,982.3060504
2/25/2000,358.436806,3529.787162,950.0993872
2/28/2000,357.4490726,3357.44674,934.4430509
2/29/2000,366.7283611,3517.021205,946.0736072
3/1/2000,373.5519841,3363.829719,942.4950342
3/2/2000,371.243066,3194.680786,950.0993872
3/3/2000,383.7581187,3191.489297,983.6481652
3/6/2000,382.9819852,3264.893551,974.2544904
3/7/2000,378.5304934,3242.553126,945.1789816
3/8/2000,382.3893146,3248.936104,947.4152987
3/9/2000,394.0704346,3513.829716,997.0674083
3/10/2000,394.2078793,3414.893548,976.0434595
3/13/2000,383.1686126,3335.106315,974.7014153
3/14/2000,367.5044946,3351.063762,942.9422412
3/15/2000,357.8215267,3255.319083,920.5765302
3/16/2000,368.34468,3382.978655,942.3830913
3/17/2000,374.6490252,3309.574401,966.2025072
3/20/2000,359.9594109,3277.659508,959.9403395
3/21/2000,367.8988331,3695.744606,1008.138392
3/22/2000,379.8508773,3609.574395,1033.300134
3/23/2000,385.77419,3456.382909,1113.816933
3/24/2000,387.5247891,3711.702052,1136.182362
3/27/2000,387.1757826,3734.042477,1146.023596
3/28/2000,377.4412681,3580.850991,1114.711841
3/29/2000,362.6665182,3382.978655,1088.767134
3/30/2000,348.0823227,3395.744612,1053.876735
3/31/2000,357.0570979,3421.276526,1106.659787
4/3/2000,329.7946699,3245.744615,1044.035782
4/4/2000,323.9548915,3264.893551,1046.7198
4/5/2000,325.5423108,3175.53185,1032.405438
4/6/2000,333.2209121,3280.850997,1027.932592
4/7/2000,347.1890657,3449.99993,1072.663872
4/10/2000,327.0243113,3236.170147,1038.667676
4/11/2000,316.6939999,3236.170147,1001.988026
4/12/2000,294.3413779,2878.723346,930.4174825
4/13/2000,287.0914476,2451.06378,874.9502711
4/14/2000,259.3339709,2393.616973,815.9046278
4/17/2000,276.3457521,2403.191441,951.8884268
4/18/2000,296.2106827,2805.319092,991.2523066
4/19/2000,289.4050171,2728.723349,946.5208847
4/20/2000,284.5225284,2674.468031,932.2067338
4/24/2000,271.9200526,2543.61697,908.0514189
4/25/2000,289.7813791,2677.65952,944.7314219
4/26/2000,283.4457895,2731.914838,955.4670703
4/27/2000,294.6849514,2699.999945,987.6737336
4/28/2000,301.4492121,2818.085049,992.3706062
5/1/2000,309.0560029,3060.638236,1022.564556
5/2/2000,295.5766452,2865.957389,973.3598648
5/3/2000,289.4753026,2763.829731,945.6259064
5/4/2000,290.4849014,2811.702071,910.7355074
5/5/2000,298.0260962,2987.233982,969.7812213
5/8/2000,286.5136271,2860.372282,898.2104666
5/9/2000,279.9258333,2872.340367,898.2104666
5/10/2000,264.2875076,2722.34037,837.3759247
5/11/2000,273.2552676,2802.127603,862.4253009
5/12/2000,275.5571323,2744.680795,857.9522434
5/15/2000,281.6936082,2862.765899,858.846869
5/16/2000,290.2764277,3015.957386,866.8983585
5/17/2000,284.6068634,3114.893554,830.2184261
5/18/2000,276.3106189,2827.659517,792.6442207
5/19/2000,264.7302281,2687.233988,764.9107561
5/22/2000,262.6852572,2648.936116,790.8546874
5/23/2000,247.0953517,2384.042505,723.5338805
5/24/2000,255.3767652,2479.787184,789.0653656
5/25/2000,250.2811134,2323.404208,780.1192505
5/26/2000,250.2623745,2374.468037,786.3817709
5/30/2000,270.1241596,2642.553138,857.0576178
5/31/2000,265.5508739,2467.021227,815.0098611
6/1/2000,279.7298459,2562.765905,872.2662532
6/2/2000,297.7574786,2955.319089,921.4712264
6/5/2000,298.4118182,2782.978667,905.3677537
6/6/2000,293.3060249,2581.914841,877.634148
6/7/2000,299.7782585,2645.744627,899.9999295
6/8/2000,298.7085347,2648.936116,911.6302035
6/9/2000,302.5564329,2664.893563,921.4712264
6/12/2000,294.2070786,2473.404205,889.2643515
6/13/2000,300.6996334,2502.127609,930.4174825
6/14/2000,296.5105065,2371.276548,933.1013594
6/15/2000,300.2842303,2364.893569,951.8884268
6/16/2000,301.4414153,2348.936123,970.6759174
6/19/2000,311.535116,2313.82974,986.779249
6/20/2000,313.3723948,2355.319101,960.8348946
6/21/2000,317.3272558,2352.127612,965.3079521
6/22/2000,307.3975356,2144.680808,924.1550327
6/23/2000,300.253005,1729.787199,896.4213565
6/26/2000,305.4673434,1732.978688,899.1052333
6/27/2000,301.316476,1863.829749,891.0536028
6/28/2000,307.6708236,1934.042514,909.8410228
6/29/2000,302.7430412,1895.744642,875.8449673
6/30/2000,309.6830061,1854.255282,909.8410228
7/3/2000,311.6990774,1889.361664,925.0494467
7/5/2000,301.6397474,1863.829749,885.6856375
7/6/2000,309.2504271,1841.489324,926.8386979
7/7/2000,314.1407125,1844.680814,935.7850246
7/10/2000,310.7902078,1790.425496,903.5786435
7/11/2000,308.9263741,1691.489327,889.2643515
7/12/2000,320.1054111,1790.425496,914.314292
7/13/2000,325.9826675,1787.234006,933.995985
7/14/2000,331.5515216,2176.595701,976.9383673
7/17/2000,333.7760666,2099.999957,996.6202013
7/18/2000,326.1630422,2131.91485,962.6240753
7/19/2000,316.6729162,2087.234,956.3617665
7/20/2000,326.7400811,2058.510597,994.8310912
7/21/2000,319.7040765,2099.999957,975.1489044
7/24/2000,310.8901554,1978.723364,945.6259064
7/25/2000,314.6381059,1921.276557,975.1489044
7/26/2000,311.3703539,1841.489324,981.4114248
7/27/2000,300.0101606,1602.127627,973.3598648
7/28/2000,286.0154712,1531.914863,899.1052333
7/31/2000,294.135249,1538.297841,936.6797913
8/1/2000,287.7738862,1544.68082,904.4731986
8/2/2000,285.6609745,1573.404223,872.2662532
8/3/2000,293.5800754,1608.510606,921.4712264
8/4/2000,295.7257946,1659.574434,938.4692542
8/7/2000,301.63115,1726.59571,948.3102065
8/8/2000,300.5036461,1681.914859,937.5744875
8/9/2000,300.8901497,1576.595713,970.6759174
8/10/2000,293.5886729,1554.255288,907.1567228
8/11/2000,295.8905376,1720.212731,920.5765302
8/14/2000,300.5926515,1780.851028,923.2603365
8/15/2000,300.7464714,1918.085067,904.4731986
8/16/2000,301.4913796,1972.340386,902.6838768
8/17/2000,307.7122095,1953.19145,908.0514189
8/18/2000,306.8900006,1991.489321,908.9463972
8/21/2000,308.6710434,1914.893578,937.5744875
8/22/2000,309.0661444,1863.829749,927.7336057
8/23/2000,313.1888938,1981.914853,961.7297318
8/24/2000,316.4894342,2010.638257,951.8884268
8/25/2000,315.6617542,2039.361661,937.5744875
8/28/2000,317.8410434,1997.8723,945.6259064
8/29/2000,318.7452235,2023.404214,952.783264
8/30/2000,320.4349352,2192.553147,952.783264
8/31/2000,328.4414975,2119.148893,982.3060504
9/1/2000,330.6262387,2119.148893,981.4114248
9/5/2000,323.5090446,2332.978676,944.7314219
9/6/2000,313.3708316,2342.553144,919.6817635
9/7/2000,320.0086089,2221.276551,948.3102065
9/8/2000,310.6434031,2192.553147,914.314292
9/11/2000,304.2359839,2163.829743,875.8449673
9/12/2000,300.5786021,2179.78719,842.7436784
9/13/2000,304.0438855,2167.021233,877.634148
9/14/2000,305.6032058,2291.489315,876.7395929
9/15/2000,299.4635845,2227.659529,898.2104666
9/18/2000,290.9752605,2186.170168,859.7414946
9/19/2000,301.8380604,2080.851022,887.4752414
9/20/2000,304.3210814,1914.893578,903.5786435
9/21/2000,298.9669917,2045.744639,874.9502711
9/22/2000,297.0063368,2115.957404,863.3199971
9/25/2000,292.1230666,2061.702086,818.5884341
9/26/2000,288.0534269,2029.787193,789.9601323
9/27/2000,285.4923236,1934.042514,820.377897
9/28/2000,295.0199276,2042.55315,850.7951679
9/29/2000,286.7822447,1962.765918,790.8546874
10/2/2000,278.667919,1831.914856,794.4331898
10/3/2000,269.8391669,1790.425496,805.1686972
10/4/2000,275.0917648,1838.297835,838.2701977
10/5/2000,271.1095674,1713.829752,823.9561173
10/6/2000,262.4353977,1611.702095,804.2744243
10/9/2000,262.0098529,1535.106352,768.4889764
10/10/2000,253.0288251,1554.255288,731.8089029
10/11/2000,247.4029914,1420.212737,732.7038107
10/12/2000,240.0780861,1282.978697,713.0219766
10/13/2000,258.9810374,1452.12763,802.485173
10/16/2000,256.912638,1241.489337,780.1192505
10/17/2000,250.9533914,1120.212743,781.013735
10/18/2000,247.6427094,1282.978697,747.9124462
10/19/2000,266.9321643,1417.021248,833.7971401
10/20/2000,271.97158,1573.404223,820.377897
10/23/2000,270.8432946,1531.914863,799.8010846
10/24/2000,267.0250776,1509.574437,785.4872158
10/25/2000,252.1722645,1627.659541,724.6521096
10/26/2000,255.4993407,1882.978685,766.6997957
10/27/2000,255.9819031,1819.148899,725.5467352
10/30/2000,249.1918501,1678.72337,687.9721067
10/31/2000,263.1084572,1870.212728,771.1727122
11/1/2000,260.2787553,1908.5106,746.1231244
11/2/2000,267.7457758,2029.787193,798.0118334
11/3/2000,269.5073171,1918.085067,812.3258432
11/6/2000,266.7455369,1867.021239,789.0653656
11/7/2000,266.7127484,1886.170174,812.3258432
11/8/2000,252.3385707,1729.787199,746.1231244
11/9/2000,249.8907019,1595.744648,762.2265971
11/10/2000,236.5105103,1535.106352,716.6002675
11/13/2000,231.6483239,1420.212737,721.0735366
11/14/2000,245.0433465,1477.659544,760.4372048
11/15/2000,247.1687445,1506.382948,766.6997957
11/16/2000,236.7361598,1420.212737,730.91463
11/17/2000,236.3699584,1401.063801,755.0695922
11/20/2000,224.5365817,1318.08508,733.5981542
11/21/2000,224.2094215,1238.297847,768.4889764
11/22/2000,215.1432961,1286.170187,723.757484
11/24/2000,226.7806663,1477.659544,754.1746844
11/27/2000,224.9152885,1429.787205,733.5981542
11/28/2000,213.553532,1278.191463,730.0200044
11/29/2000,211.3633197,1375.531887,739.8609567
11/30/2000,202.8523488,1260.638272,685.2881593
12/1/2000,206.550335,1257.446783,694.2348387
12/4/2000,204.2437807,1356.382951,655.7655845
12/5/2000,225.6422393,1295.744655,746.1231244
12/6/2000,218.3571568,1206.382954,736.282031
12/7/2000,214.9340218,1091.48934,714.8109457
12/8/2000,227.7996442,1196.808486,749.7017679
12/11/2000,235.4259555,1292.553165,784.592308
12/12/2000,228.9193512,1321.276569,778.3298582
12/13/2000,220.4083804,1212.765933,731.8089029
12/14/2000,213.0483418,1158.510615,729.1250261
12/15/2000,207.1734302,1168.085083,689.5375428
12/18/2000,204.928564,1014.893596,614.6122419
12/19/2000,196.120095,931.9148747,597.6141436
12/20/2000,182.1488341,852.1276423,522.4652039
12/21/2000,182.7219651,775.5318992,556.4611889
12/22/2000,196.5347166,794.6808349,594.0356411
12/26/2000,194.6997825,864.8935995,583.3002043
12/27/2000,198.2783005,861.7021102,583.3002043
12/28/2000,199.7157888,887.2340246,566.302106
12/29/2000,192.9038896,794.6808349,547.5147564
1/2/2001,178.9537124,708.5106239,476.8389095
1/3/2001,204.3171735,896.8084924,591.3517995
1/4/2001,200.4240006,791.4893456,599.4034654
1/5/2001,187.9948461,743.6170062,524.2544904
1/8/2001,187.0789422,762.765942,523.1361202
1/9/2001,190.622327,836.1701958,531.4113895
1/10/2001,197.093779,842.5531744,518.8867014
1/11/2001,206.1817888,868.0850888,560.0398325
1/12/2001,205.0831655,903.191471,544.8309148
1/16/2001,204.462415,922.3404068,551.0933647
1/17/2001,209.4776397,938.2978533,558.2502991
1/18/2001,216.1700707,995.7446606,599.4034654
1/19/2001,216.3176379,1018.085086,577.93238
1/22/2001,215.3439539,944.6808319,593.141086
1/23/2001,221.7841806,967.8191293,610.1391138
1/24/2001,223.2490053,1117.021254,609.2444882
1/25/2001,215.0605243,970.2127463,562.7236035
1/26/2001,217.1703096,995.7446606,549.3041487
1/29/2001,221.6241271,1027.659554,533.200676
1/30/2001,221.6249087,967.021257,543.936395
1/31/2001,216.5011389,884.0425353,535.8847292
2/1/2001,217.2866515,829.7872172,547.5147564
2/2/2001,207.7379637,734.0425383,508.1510177
2/5/2001,206.3879177,737.2340276,494.7315982
2/6/2001,208.0495113,807.4467921,511.7295202
2/7/2001,203.6245934,765.9574313,444.6321758
2/8/2001,200.0515465,734.0425383,429.4234345
2/9/2001,192.9390228,682.9787095,403.4791153
2/12/2001,194.3983764,740.4255169,423.1609494
2/13/2001,189.5619632,702.1276453,407.9523139
2/14/2001,194.5342389,737.2340276,420.4771783
2/15/2001,199.337082,740.4255169,441.053638
2/16/2001,189.3792438,698.936156,404.3737056
2/20/2001,181.0221118,638.2978594,373.0615622
2/21/2001,177.1640531,609.5744557,359.6421427
2/22/2001,175.291641,609.5744557,378.4293864
2/23/2001,176.6619892,603.1914771,386.4810522
2/26/2001,180.2529935,609.5744557,373.0615622
2/27/2001,172.3916727,599.9999878,343.5387053
2/28/2001,168.0198454,520.2127554,339.0655067
3/1/2001,170.4825643,532.9787126,350.6958513
3/2/2001,165.3494154,510.6382875,317.5944919
3/5/2001,167.3241199,644.680838,330.3428893
3/6/2001,172.126963,606.3829664,343.5387053
3/7/2001,173.6487863,625.5319022,343.5387053
3/8/2001,169.3394287,596.8084985,326.5406775
3/9/2001,160.2857896,625.5319022,295.2286222
3/12/2001,150.1819379,542.5531805,269.2841972
3/13/2001,157.3186621,561.7021163,305.9641473
3/14/2001,153.9853237,542.5531805,289.8608509
3/15/2001,151.5351007,555.3191377,290.7554413
3/16/2001,147.6466078,561.7021163,285.3876699
3/19/2001,152.3526297,536.1702019,297.912552
3/20/2001,145.0331859,523.4042447,272.8628231
3/21/2001,142.9085696,510.6382875,276.4413785
3/22/2001,148.1767802,520.2127554,282.7037402
3/23/2001,150.5957779,520.2127554,267.494946
3/26/2001,149.8001143,558.6382651,255.8647601
3/27/2001,153.9962564,594.3829842,259.4433507
3/28/2001,144.7747385,551.4893603,225.4472952
3/29/2001,142.1542918,510.6382875,218.2902197
3/30/2001,143.6917373,522.3829447,226.3419384
4/2/2001,139.2183992,464.6808611,215.6063252
4/3/2001,130.6316908,440.680848,196.8190286
4/4/2001,127.9612799,428.936142,195.924403
4/5/2001,139.3769086,465.7021124,213.817074
4/6/2001,134.3296674,427.4042408,195.0298126
4/9/2001,136.3090519,570.893621,207.4114685
4/10/2001,144.6107675,613.276595,227.0218835
4/11/2001,148.274383,680.1701834,249.0656089
4/12/2001,153.1529733,749.1063717,257.3677177
4/16/2001,149.1036167,716.4255037,246.2028317
4/17/2001,150.169442,752.6808241,238.4731514
4/18/2001,162.3674569,844.5957743,256.6520278
4/19/2001,170.3865055,816.51061,270.6798675
4/20/2001,168.9240255,805.7872041,274.1153907
4/23/2001,160.7964509,827.2340647,248.0635902
4/24/2001,157.4615493,800.6808504,232.7475263
4/25/2001,160.8339289,821.6170124,225.1610368
4/26/2001,158.8881145,787.9148932,217.7176854
4/27/2001,162.0738667,779.7446884,223.3001902
4/30/2001,165.2408894,805.7872041,243.0536197
5/1/2001,169.3011691,862.4680364,254.7912517
5/2/2001,173.3895668,873.7021411,286.2823308
5/3/2001,167.5802321,855.3191316,267.1013474
5/4/2001,171.119709,896.6808056,281.1292753
5/7/2001,169.7173539,863.9999864,275.5466823
5/8/2001,171.6850241,826.2127648,291.7215741
5/9/2001,168.3946252,766.4680812,273.8289913
5/10/2001,166.2262972,746.5531705,269.5347636
5/11/2001,164.5529798,749.6170216,272.6839051
5/14/2001,162.5610995,680.6808334,265.8129998
5/15/2001,162.8468929,691.4042393,268.2465042
5/16/2001,169.1606172,721.5319061,286.2823308
5/17/2001,171.2875783,754.7233753,284.2783109
5/18/2001,171.6936025,751.6595729,289.145161
5/21/2001,180.0257809,836.4254721,327.363884
5/22/2001,180.6707415,829.7872172,336.0953186
5/23/2001,175.1760807,796.595748,320.0635471
5/24/2001,178.1853757,855.3191316,327.9362596
5/25/2001,175.7656059,872.6808411,315.626252
5/29/2001,169.8711737,879.319096,292.8666251
5/30/2001,162.7625579,799.6595505,271.9681975
5/31/2001,164.7919162,852.2553291,275.6899085
6/1/2001,167.833218,865.5319363,269.8210749
6/4/2001,168.3399714,863.4893364,282.4173937
6/5/2001,174.4093072,839.4893719,308.3260915
6/6/2001,173.1654615,816.51061,297.1609762
6/7/2001,176.7783311,823.6595149,312.3340608
6/8/2001,172.9601142,801.7021017,293.2962154
6/11/2001,169.4995012,758.8084777,291.7215741
6/12/2001,169.4346868,747.5744704,291.5784891
6/13/2001,165.6640894,721.0212561,272.2543853
6/14/2001,159.6056863,678.6382822,253.9323003
6/15/2001,158.3844875,637.7872094,238.3300134
6/18/2001,155.2768081,604.0850902,236.1828555
6/19/2001,155.591482,580.0850771,238.1868401
6/20/2001,158.6038938,639.8297606,234.7514051
6/21/2001,160.7527203,667.9148762,253.0735606
6/22/2001,158.8849882,633.191457,250.7833176
6/25/2001,160.1366593,654.1276677,264.95426
6/26/2001,161.2102909,676.595731,257.9403578
6/27/2001,162.0004739,716.9361537,256.6520278
6/28/2001,165.960806,733.2765633,265.9562083
6/29/2001,168.6999392,722.5531573,260.5170178
7/2/2001,167.7770011,741.9574181,275.1172155
7/3/2001,167.1585953,721.5319061,274.6878897
7/5/2001,162.419785,779.7446884,251.6421279
7/6/2001,156.4894285,779.7446884,240.3340157
7/9/2001,158.2501787,807.319154,246.9184334
7/10/2001,153.259164,797.1063493,231.8886807
7/11/2001,153.9814253,783.3191408,239.0456857
7/12/2001,162.0785562,842.0425244,255.6501501
7/13/2001,162.7852049,867.0637888,268.2465042
7/16/2001,158.4383597,817.53191,253.5029922
7/17/2001,161.4211093,834.8936196,254.6481137
7/18/2001,157.4271977,814.9787088,245.4870536
7/19/2001,159.8024552,842.0425244,254.2186292
7/20/2001,158.4578803,867.0637888,257.5108381
7/23/2001,155.2713465,818.5532099,261.5188603
7/24/2001,152.9819681,615.8297962,263.0933605
7/25/2001,154.9402688,587.7446806,267.6739346
7/26/2001,157.95737,629.6170046,277.4075114
7/27/2001,158.4344518,625.5319022,272.8270078
7/30/2001,157.557589,640.8510606,270.393521
7/31/2001,158.2829767,637.7872094,275.1172155
8/1/2001,161.5038621,638.2978594,290.5765232
8/2/2001,162.9874258,622.468051,289.8608509
8/3/2001,161.3438086,620.4254998,286.9979502
8/6/2001,158.8397039,607.6595427,279.6978249
8/7/2001,158.3345137,592.340433,275.6899085
8/8/2001,153.5379137,567.3191199,257.3677177
8/9/2001,153.3005404,534.1276507,261.8051186
8/10/2001,152.7656786,508.0850863,262.3776882
8/13/2001,154.7786426,516.7659411,260.6599619
8/14/2001,153.3950265,537.7021031,252.644129
8/15/2001,149.8313491,514.7233899,243.3399662
8/16/2001,150.7238245,500.9361815,250.2107128
8/17/2001,145.7804389,510.1276375,237.7574262
8/20/2001,146.9001364,531.0637995,241.9084982
8/21/2001,142.992123,505.0212839,229.1689533
8/22/2001,145.2338628,520.8510435,235.8966148
8/23/2001,143.9033373,491.7446767,239.9045312
8/24/2001,149.6681597,522.3829447,261.232602
8/27/2001,149.3253773,517.2765911,257.7971669
8/28/2001,145.6219295,509.1063863,244.6282257
8/29/2001,143.9189595,469.2765648,244.4850524
8/30/2001,139.8985025,443.7446504,229.1689533
8/31/2001,140.9721342,456.5106076,233.7494921
9/4/2001,138.2665805,438.6382968,225.7335888
9/5/2001,137.3475503,390.6382948,212.9940438
9/6/2001,133.1802982,416.1701848,206.1232267
9/7/2001,131.7794968,434.5531944,205.5506219
9/10/2001,132.3791731,440.680848,207.1252455
9/17/2001,123.3349035,382.4680657,200.397584
9/18/2001,121.4242223,372.2553096,194.2425096
9/19/2001,119.2941444,373.2765852,193.0974058
9/20/2001,114.8536043,381.95744,184.3658125
9/21/2001,111.1259464,381.95744,173.0576474
9/24/2001,117.0766051,380.9361644,179.7853089
9/25/2001,117.2515087,362.0425536,180.3578256
9/26/2001,114.3156161,324.2553077,175.0616144
9/27/2001,114.0555959,316.5957285,160.8906367
9/28/2001,117.0297576,304.8510469,174.3458892
10/1/2001,115.5977214,306.8936225,170.3379023
10/2/2001,116.5245579,310.4680749,164.3260188
10/3/2001,123.433288,345.191494,199.681894
10/4/2001,124.7216459,359.4893525,206.4095027
10/5/2001,125.3455228,367.6595573,213.8528894
10/8/2001,125.3962686,363.5744549,215.4274248
10/9/2001,122.6040448,352.8510489,208.8429718
10/10/2001,126.9821248,370.7234084,216.858787
10/11/2001,132.8546916,400.8510508,235.6102683
10/12/2001,133.0053947,412.0850824,242.6242234
10/15/2001,132.4517938,453.4468052,232.0317482
10/16/2001,134.4631851,488.1702243,242.9104817
10/17/2001,128.5500139,455.4893564,223.3001902
10/18/2001,129.0481794,432.5106432,239.3320145
10/19/2001,130.4997363,409.02128,239.3320145
10/22/2001,133.3708145,447.8298015,240.90655
10/23/2001,133.0865938,487.6595743,234.894596
10/24/2001,135.2026318,390.1276448,246.6321927
10/25/2001,138.6327819,396.7659484,253.9323003
10/26/2001,138.1244654,386.0425424,247.4910206
10/29/2001,132.7024349,360.0000024,235.037734
10/30/2001,130.1952134,327.8297845,237.1848566
10/31/2001,131.9747026,356.4255257,242.1947742
11/1/2001,136.3551273,354.8936001,252.7872317
11/2/2001,136.3106151,342.6382929,247.0616066
11/5/2001,140.0523224,356.9361513,256.2226491
11/6/2001,143.2872668,360.0000024,264.3816376
11/7/2001,143.4785742,379.4042389,270.9661611
11/8/2001,142.7164901,355.9148757,273.2564041
11/9/2001,142.7719255,363.5744549,274.8310453
11/12/2001,143.6815862,360.0000024,275.6899085
11/13/2001,147.7403028,372.2553096,280.2703063
11/14/2001,148.6054512,484.5957232,284.7076719
11/15/2001,148.400876,462.1276599,288.2862273
11/16/2001,148.245493,457.0212576,286.5686244
11/19/2001,151.0439695,469.2765648,296.4452334
11/20/2001,146.83455,439.1489467,283.276345
11/21/2001,146.4082237,449.3617027,274.1153907
11/23/2001,148.6062328,463.6595612,280.4134619
11/26/2001,151.575705,623.489351,285.2802239
11/27/2001,151.1649914,586.2127307,281.9880503
11/28/2001,147.4170409,591.829783,270.2505065
11/29/2001,150.9533914,569.3616711,284.7076719
11/30/2001,150.7441266,578.0425259,292.5804726
12/3/2001,148.7389785,535.6595519,284.2783109
12/4/2001,153.2833646,609.1914926,293.7256293
12/5/2001,159.8219758,600.5106378,308.3260915
12/6/2001,160.4021315,617.8723474,311.9045587
12/7/2001,157.8246339,597.9574366,302.8867424
12/10/2001,155.5493145,594.8935855,296.8747002
12/11/2001,156.3153065,625.0212522,297.4472874
12/12/2001,157.0531804,608.1701926,293.4394415
12/13/2001,151.9879819,556.0851126,272.1113179
12/14/2001,152.5080127,561.7021163,277.5506846
12/17/2001,155.1846667,552.0000102,275.6899085
12/18/2001,156.536276,554.5531627,280.8430169
12/19/2001,154.8286164,546.8936079,276.9781327
12/20/2001,149.8040222,518.2978423,261.8051186
12/21/2001,151.9348817,510.6382875,260.3737564
12/24/2001,151.8294725,501.9574327,259.2286526
12/26/2001,153.0959652,566.8085186,261.0895345
12/27/2001,154.3234262,541.2766042,264.6679135
12/28/2001,155.1698357,556.5957139,265.383674
12/31/2001,152.2917232,552.5106115,259.2286526
1/2/2002,154.5443957,559.6595651,275.260424
1/3/2002,159.6213085,607.6595427,297.1609762
1/4/2002,160.8011214,625.5319022,298.162995
1/7/2002,159.0614549,630.1276546,293.8688555
1/8/2002,160.5169102,605.1063902,299.880686
1/9/2002,159.6697191,588.7659319,298.4492357
1/10/2002,159.8532106,563.7446675,300.5964288
1/11/2002,157.9183289,563.2340175,289.2883342
1/14/2002,155.4415606,516.2552911,280.9861373
1/15/2002,156.235661,525.4467959,281.7018272
1/16/2002,151.8263462,466.2127623,271.1093344
1/17/2002,155.0573922,497.3616803,278.8389794
1/18/2002,150.7253876,518.8084923,269.8210749
1/22/2002,146.9922777,643.4042617,258.5128745
1/23/2002,150.1038556,636.7659582,270.9661611
1/24/2002,151.6811142,715.4042525,272.6839051
1/25/2002,151.3000722,737.3616657,273.8289913
1/28/2002,151.7849698,791.4893456,281.9880503
1/29/2002,147.8090156,726.1276585,272.1113179
1/30/2002,149.4057948,709.7872002,276.83503
1/31/2002,151.0135163,724.5957086,283.4193595
2/1/2002,149.2340176,701.1063454,274.9740775
2/4/2002,144.8840556,639.8297606,262.0914828
2/5/2002,143.5558749,587.2340306,264.8111221
2/6/2002,141.5405661,574.9787234,266.3855693
2/7/2002,139.1512496,573.9574235,244.1988117
2/8/2002,142.0223373,639.3191593,239.9045312
2/11/2002,144.191466,679.1489321,253.2166633
2/12/2002,143.2193356,658.7233714,247.0616066
2/13/2002,145.1674947,678.6382822,250.7833176
2/14/2002,143.9345721,708.7659489,249.9243487
2/15/2002,140.9541673,684.7659358,244.6282257
2/19/2002,136.6916571,664.3404237,240.6203093
2/20/2002,138.6405883,661.7872226,238.9026006
2/21/2002,134.0079687,677.1063809,216.2862703
2/22/2002,134.6560557,667.4042262,218.1470817
2/25/2002,138.1963045,701.1063454,223.3001902
2/26/2002,137.9604945,735.3191145,221.8688103
2/27/2002,136.7908231,728.6808597,203.8330013
2/28/2002,135.1987238,720.0000049,204.2624329
3/1/2002,140.7620878,785.872342,214.7117172
3/4/2002,145.179981,841.5318744,235.8966148
3/5/2002,145.7242219,815.4893588,236.3260287
3/6/2002,147.6067851,833.8723196,240.0477044
3/7/2002,146.9220018,797.6169992,243.3399662
3/8/2002,150.6730786,834.8936196,254.7912517
3/11/2002,150.6590196,853.2765317,249.3518849
3/12/2002,148.1314959,832.8510197,240.0477044
3/13/2002,145.3915906,803.7446529,234.1788708
3/14/2002,144.7755201,739.4042169,239.6182728
3/15/2002,145.8811681,716.4255037,236.7555132
3/18/2002,146.5651698,766.4680812,236.4691843
3/19/2002,146.8626585,748.5957217,239.6182728
3/20/2002,143.114708,740.4255169,229.3120736
3/21/2002,145.9225445,774.6382861,236.0397704
3/22/2002,144.5607937,793.0212469,237.1848566
3/25/2002,141.5233903,752.6808241,231.6023871
3/26/2002,142.4353958,757.2765765,233.1769049
3/27/2002,142.6368447,727.6595597,233.8926125
3/28/2002,144.0891736,730.2127609,242.3379121
4/1/2002,145.4376564,755.7446753,250.7833176
4/2/2002,140.8917071,727.6595597,235.037734
4/3/2002,139.3261532,698.0425429,237.6143411
4/4/2002,139.7477995,691.4042393,241.4790843
4/5/2002,138.2080188,689.3616881,231.1730084
4/8/2002,139.4448398,712.3404013,231.6023871
4/9/2002,136.0638723,694.4680905,212.1352159
4/10/2002,137.9768887,688.3403882,222.5844474
4/11/2002,134.7107095,650.5531666,212.8508882
4/12/2002,137.1273529,679.6595821,219.0059802
4/15/2002,136.9391814,709.2765989,214.8548552
4/16/2002,141.859148,715.4042525,223.0138966
4/17/2002,141.3812847,756.7659265,228.5964013
4/18/2002,140.7378873,728.1702097,221.0099472
4/19/2002,140.3006188,741.9574181,218.4333753
4/22/2002,137.3217866,730.7234109,212.8508882
4/23/2002,135.1050289,717.9574537,200.5407572
4/24/2002,133.7815282,857.3617315,206.5526583
4/25/2002,133.8096366,858.893584,208.8429718
4/26/2002,129.9203622,863.4893364,199.1092716
4/29/2002,129.3769124,826.2127648,202.2584483
4/30/2002,131.8208827,852.2553291,209.7017644
5/1/2002,130.9854059,842.0425244,196.1033563
5/2/2002,128.4313273,833.3616696,195.2445284
5/3/2002,125.9490974,819.5744125,188.0874882
5/6/2002,123.2513501,823.1489623,184.5089681
5/7/2002,122.8874839,822.6383123,187.2285722
5/8/2002,132.4502306,884.4254984,232.8906113
5/9/2002,128.8740574,905.3616604,225.4472952
5/10/2002,124.9980508,865.0212863,220.7236536
5/13/2002,129.0341299,884.4254984,224.7316229
5/14/2002,134.2273846,960.5105915,235.4671479
5/15/2002,134.7357011,1018.212773,237.0417539
5/16/2002,135.1167336,1001.361713,243.4830336
5/17/2002,135.9717405,978.3829511,246.9184334
5/20/2002,132.8640611,990.1276083,237.3279946
5/21/2002,129.9430091,957.9574391,231.3160935
5/22/2002,130.666824,957.4467891,237.0417539
5/23/2002,132.5548582,993.1915082,241.9084982
5/24/2002,129.7329627,994.2127107,237.1848566
5/28/2002,129.0052399,973.2765487,234.4651468
5/29/2002,126.8361112,965.6169939,224.0158624
5/30/2002,127.4240733,938.042577,229.1689533
5/31/2002,126.1599158,930.8935748,225.8767268
6/3/2002,122.008286,917.1063176,219.4353588
6/4/2002,123.2232416,917.6169676,230.1709191
6/5/2002,124.5615734,918.6382675,227.8806938
6/6/2002,121.4086097,927.8297723,221.2962055
6/7/2002,119.8938111,948.7659343,225.1610368
6/10/2002,119.5197938,883.4041984,221.4393259
6/11/2002,116.9032647,875.2339936,214.568544
6/12/2002,118.6163858,872.1701912,218.8627716
6/13/2002,116.8798362,890.0425507,213.1372171
6/14/2002,117.4935619,858.893584,204.691794
6/17/2002,121.2844615,940.0850795,215.7136831
6/18/2002,120.4778652,958.978739,210.56061
6/19/2002,116.8759283,934.4680272,207.4114685
6/20/2002,114.3710514,896.1701556,201.5427231
6/21/2002,112.5134704,895.1489531,196.6759788
6/24/2002,114.0267058,894.1276531,201.2564648
6/25/2002,111.1884161,783.3191408,192.5248186
6/26/2002,111.6053729,809.3617052,192.2385602
6/27/2002,113.9376909,809.8723065,197.8210297
6/28/2002,114.2508016,829.7872172,199.681894
7/1/2002,109.611939,691.9148893,187.3717278
7/2/2002,106.0217067,680.1701834,179.7853089
7/3/2002,107.7668538,727.6595597,186.6560555
7/5/2002,113.0912814,776.6808373,201.1133268
7/8/2002,109.753263,762.8935801,195.6739247
7/9/2002,107.8410282,796.595748,188.0874882
7/10/2002,105.0995597,763.9148801,193.383717
7/11/2002,107.3186621,794.0425468,201.1133268
7/12/2002,107.2460414,787.9148932,205.8369684
7/15/2002,107.9581516,813.9574089,206.6957963
7/16/2002,107.383467,831.8298171,204.2624329
7/17/2002,109.1004961,825.1914648,211.8488694
7/18/2002,105.9537755,794.0425468,205.2643635
7/19/2002,103.0022702,780.7659397,195.3875959
7/22/2002,100.1522662,791.4893456,185.7971571
7/23/2002,95.96705674,742.9787181,178.9264105
7/24/2002,100.7441266,720.0000049,187.3717278
7/25/2002,96.82829729,637.7872094,166.1868479
7/26/2002,98.54923427,660.2553213,169.192816
7/29/2002,104.2593934,731.7446621,190.5208868
7/30/2002,104.9574446,754.212774,190.9502655
7/31/2002,103.7135988,737.8723157,188.8031781
8/1/2002,99.9453462,723.0638073,173.2007854
8/2/2002,97.44046939,706.7233977,170.1948348
8/5/2002,94.16803746,657.1914702,162.6083102
8/6/2002,98.34856694,701.6169954,172.7713185
8/7/2002,100.0156222,694.4680905,185.9403479
8/8/2002,102.7969134,709.7872002,188.9462985
8/9/2002,101.9848555,728.1702097,187.8011417
8/12/2002,102.0410725,738.3829657,191.952249
8/13/2002,99.10830621,711.3191501,191.3797324
8/14/2002,104.185219,710.2978501,205.407572
8/15/2002,105.0214774,746.5531705,205.5506219
8/16/2002,106.2707942,760.8510289,206.8388813
8/19/2002,108.8888961,791.4893456,210.7038008
8/20/2002,107.4873131,815.9999601,210.8468506
8/21/2002,110.0374837,785.361692,216.2862703
8/22/2002,111.1072074,803.2340029,216.1431852
8/23/2002,107.801987,774.6382861,206.8388813
8/26/2002,108.6702618,762.3829788,207.4114685
8/27/2002,105.2377669,741.4468168,200.6838952
8/28/2002,102.6298161,743.9999693,196.3896499
8/29/2002,104.2999977,773.1063848,203.2604494
8/30/2002,102.6665125,762.8935801,197.8210297
9/3/2002,98.68353354,745.5319192,187.0854871
9/4/2002,100.9065439,757.2765765,189.9483173
9/5/2002,97.68095945,727.6595597,182.7912418
9/6/2002,101.1400092,781.7872396,186.5129351
9/9/2002,101.8661689,843.0638244,185.5109164
9/10/2002,103.075663,874.7233437,192.2385602
9/11/2002,102.71336,873.7021411,194.2425096
9/12/2002,99.92036406,855.3191316,186.6560555
9/13/2002,100.8354863,848.1702267,186.7991758
9/16/2002,99.6236475,853.2765317,185.0815377
9/17/2002,98.37901065,885.9574483,179.4989624
9/18/2002,97.76919283,905.3616604,178.9264105
9/19/2002,94.98321211,878.8084461,171.7693526
9/20/2002,95.34551514,809.8723065,172.9145094
9/23/2002,92.52206597,819.5744125,171.1968007
9/24/2002,92.30655806,813.4468076,163.6103113
9/25/2002,95.43921962,803.2340029,171.1968007
9/26/2002,95.38611946,875.7446436,162.6083102
9/27/2002,93.6331756,868.5957387,160.7474811
9/30/2002,91.51714713,813.4468076,150.0118855
10/1/2002,94.77004896,865.5319363,156.5964091
10/2/2002,92.70712064,868.5957387,143.856873
10/3/2002,91.00961217,855.3191316,140.4215085
10/4/2002,89.00601764,845.1063269,135.4115204
10/7/2002,87.40533045,849.7020793,129.9721536
10/8/2002,88.17209446,865.0212863,123.1014158
10/9/2002,86.99227203,860.9361839,132.1192586
10/10/2002,90.83860697,917.1063176,139.4194897
10/11/2002,94.51628148,942.638232,147.7216955
10/14/2002,95.30179401,980.425551,142.9979922
10/15/2002,100.1358624,967.1489438,157.3121166
10/16/2002,96.23019372,995.2340107,140.4215085
10/17/2002,99.34333471,956.9361391,145.5745728
10/18/2002,100.5590719,972.2553462,150.44137
10/21/2002,102.2620515,983.4893534,156.7394942
10/22/2002,100.9448035,989.6169583,160.6043608
10/23/2002,103.0865957,1008.510618,161.1768598
10/24/2002,101.406263,1014.12767,168.1908149
10/25/2002,103.9376947,985.5318559,168.6202465
10/28/2002,102.7430316,949.2765843,156.0238395
10/29/2002,101.5491597,948.2552843,151.7296119
10/30/2002,103.5941306,974.2978487,156.1670304
10/31/2002,103.8299407,988.5957558,160.0317736
11/1/2002,106.2465841,1011.06377,166.1868479
11/4/2002,109.0450607,958.978739,176.2067535
11/5/2002,109.4065821,955.9148392,181.646085
11/6/2002,110.7980046,987.5744558,185.5109164
11/7/2002,107.4966826,976.3404486,176.7793231
11/8/2002,106.1357134,996.2553106,179.7853089
11/11/2002,103.005387,970.2127463,174.0596309
11/12/2002,105.3767557,1012.08507,184.2226745
11/13/2002,106.2957764,1042.212737,192.095387
11/14/2002,110.214732,1083.063761,200.397584
11/15/2002,110.1850604,1134.12759,201.5427231
11/18/2002,108.8225185,1144.851044,199.1092716
11/19/2002,107.3249053,1087.148961,195.5307691
11/20/2002,110.826113,1169.361659,205.8369684
11/21/2002,114.5896857,1194.893573,218.1470817
11/22/2002,114.6825991,1225.02124,213.1372171
11/25/2002,115.7101648,1238.297847,213.1372171
11/26/2002,112.7844233,1194.893573,206.8388813
11/27/2002,116.1817754,1229.616992,212.2783363
11/29/2002,115.4665484,1192.340421,213.5665958
12/2/2002,115.9350422,1231.148942,215.5705804
12/3/2002,113.1381288,1212.255283,207.8409354
12/4/2002,111.6850184,1194.382923,206.5526583
12/5/2002,110.1546072,1153.021249,201.972137
12/6/2002,111.0673847,1154.553199,202.9742087
12/9/2002,106.7494391,1107.063823,193.2405261
12/10/2002,108.5937427,1116.255328,199.3956181
12/11/2002,109.0489591,1130.042487,198.250426
12/12/2002,109.2800892,1138.723342,201.972137
12/13/2002,106.3808929,1132.595737,191.8090758
12/16/2002,109.3409861,1149.446797,195.6739247
12/17/2002,108.6944719,1146.893547,195.5307691
12/18/2002,106.3098354,1128.510635,189.2326273
12/19/2002,105.7312429,1107.574473,186.0835036
12/20/2002,106.4300852,1119.82978,189.9483173
12/23/2002,107.8855309,1135.65954,192.3817688
12/24/2002,107.1656144,1117.27653,191.0934564
12/26/2002,106.8080008,1036.595685,187.5149187
12/27/2002,105.2791528,963.0638414,186.2265886
12/30/2002,104.5943695,982.9787035,185.6540896
12/31/2002,104.2796955,964.5956939,187.5149187
,,,
,,,
,,,
,,,
,,,
,,,
,,,
,,,
,,,
,,,
,,,
,,,
,,,
,,,
,,,
,,,
,,,
,,,
,,,
,,,
,,,
,,,
,,,
,,,
,,,
,,,
,,,
,,,
,,,
,,,
,,,
,,,
,,,
,,,
,,,
,,,
,,,
,,,
,,,
,,,
,,,
,,,
,,,
,,,
,,,
,,,
,,,
,,,
,,,
,,,
,,,
,,,
,,,
,,,
,,,
,,,
,,,
,,,
,,,
,,,
,,,
,,,
,,,
,,,
,,,
,,,
,,,
,,,
,,,
,,,
,,,
,,,
,,,
,,,
,,,
,,,
,,,
,,,
,,,
,,,
,,,
,,,
,,,
,,,
,,,
,,,
,,,
,,,
,,,
,,,
,,,
,,,
,,,
,,,
,,,
,,,
,,,
,,,
,,,
,,,
,,,
,,,
,,,
,,,
,,,
,,,
,,,
,,,
,,,
,,,
,,,
,,,
,,,
,,,
,,,
,,,
,,,
,,,
,,,
,,,
,,,
,,,
,,,
,,,
,,,
,,,
,,,
,,,
,,,
,,,
,,,
,,,
,,,
,,,
,,,
,,,
,,,
,,,
,,,
,,,
,,,
,,,
,,,
,,,
,,,
,,,
,,,
,,,
,,,
,,,
,,,
,,,
,,,
,,,
,,,
,,,
,,,
,,,
,,,
,,,
,,,
,,,
,,,
,,,
,,,
,,,
,,,
,,,
,,,
,,,
,,,
,,,
,,,
,,,
,,,
,,,
,,,
,,,
,,,
,,,
,,,
,,,
,,,
,,,
,,,
,,,
,,,
,,,
,,,
,,,
,,,
,,,
,,,
,,,
,,,
,,,
,,,
,,,
,,,
,,,
,,,
,,,
,,,
,,,
,,,
,,,
,,,
,,,
,,,
,,,
,,,
,,,
,,,
,,,
,,,
,,,
,,,
,,,
,,,
,,,
,,,
,,,
,,,
,,,
,,,
,,,
,,,
,,,
,,,
,,,
,,,
,,,
,,,
,,,
,,,
,,,
,,,
,,,
,,,
,,,
,,,
,,,
,,,
,,,
,,,
,,,
,,,
,,,
,,,
,,,
,,,
,,,
,,,
,,,
,,,
,,,
,,,
,,,
,,,
,,,
,,,
,,,
,,,
,,,
,,,
,,,
,,,
,,,
,,,
,,,
,,,
,,,
,,,
,,,
,,,
,,,
,,,
,,,
,,,
,,,
,,,
,,,
,,,
,,,
,,,
,,,
,,,
,,,
,,,
,,,
,,,
,,,
,,,
,,,
,,,
,,,
,,,
,,,
,,,
,,,
,,,
,,,
,,,
,,,
,,,
,,,
,,,
,,,
,,,
,,,
,,,
,,,
,,,
,,,
,,,
,,,
,,,
,,,
,,,
,,,
,,,
,,,
,,,
,,,
,,,
,,,
,,,
,,,
,,,
,,,
,,,
,,,
,,,
,,,
,,,
,,,
,,,
,,,
,,,
,,,
,,,
,,,
,,,
,,,
,,,
,,,
,,,
,,,
,,,
,,,
,,,
,,,
,,,
,,,
,,,
,,,
,,,
,,,
,,,
,,,
,,,
,,,
,,,
,,,
,,,
,,,
,,,
,,,
,,,
,,,
,,,
,,,
,,,
,,,
,,,
,,,
,,,
,,,
,,,
,,,
,,,
,,,
,,,
,,,
,,,
,,,
,,,
,,,
,,,
,,,
,,,
,,,
,,,
,,,
,,,
,,,
,,,
,,,
,,,
,,,
,,,
,,,
,,,
,,,
,,,
,,,
,,,
,,,
,,,
,,,
,,,
,,,
,,,
,,,
,,,
,,,
,,,
,,,
,,,
,,,
,,,
,,,
,,,
,,,
,,,
,,,
,,,
,,,
,,,
,,,
,,,
,,,
,,,
,,,
,,,
,,,
,,,
,,,
,,,
,,,
,,,
,,,
,,,
,,,
,,,
,,,
,,,
,,,
,,,
,,,
,,,
,,,
,,,
,,,
,,,
,,,
,,,
,,,
,,,
,,,
,,,
,,,
,,,
,,,
,,,
,,,
,,,
,,,
,,,
,,,
,,,
,,,
,,,
,,,
,,,
,,,
,,,
,,,
,,,
,,,
,,,
,,,
,,,
,,,
,,,
,,,
,,,
,,,
,,,
,,,
,,,
,,,
,,,
,,,
,,,
,,,
,,,
,,,
,,,
,,,
,,,
,,,
,,,
,,,
,,,
,,,
,,,
,,,
,,,
,,,
,,,
,,,
,,,
,,,
,,,
,,,
,,,
,,,
,,,
,,,
,,,
,,,
,,,
,,,
,,,
,,,
,,,
,,,
,,,
,,,
,,,
,,,
,,,
,,,
,,,
,,,
,,,
,,,
,,,
,,,
,,,
,,,
,,,
,,,
,,,
,,,
,,,
,,,
,,,
,,,
,,,
,,,
,,,
,,,
,,,
,,,
,,,
,,,
,,,
,,,
,,,
,,,
,,,
,,,
,,,
,,,
,,,
,,,
,,,
,,,
,,,
,,,
,,,
,,,
,,,
,,,
,,,
,,,
,,,
,,,
,,,
,,,
,,,
,,,
,,,
,,,
,,,
,,,
,,,
,,,
,,,
,,,
,,,
,,,
,,,
,,,
,,,
,,,
,,,
,,,
,,,
,,,
,,,
,,,
,,,
,,,
,,,
,,,
,,,
,,,
,,,
,,,
,,,
,,,
,,,
,,,
,,,
,,,
,,,
,,,
,,,
,,,
,,,
,,,
,,,
,,,
,,,
,,,
,,,
,,,
,,,
,,,
,,,
,,,
,,,
,,,
,,,
,,,
,,,
,,,
,,,
,,,
,,,
,,,
,,,
,,,
,,,
,,,
,,,
,,,
,,,
,,,
,,,
,,,
,,,
,,,
,,,
,,,
,,,
,,,
,,,
,,,
,,,
,,,
,,,
,,,
,,,
,,,
,,,
,,,
,,,
,,,
,,,
,,,
,,,
,,,
,,,
,,,
,,,
,,,
,,,
,,,
,,,
,,,
,,,
,,,
,,,
,,,
,,,
,,,
,,,
,,,
,,,
,,,
,,,
,,,
,,,
,,,
,,,
,,,
,,,
,,,
,,,
,,,
,,,
,,,
,,,
,,,
,,,
,,,
,,,
,,,
,,,
,,,
,,,
,,,
,,,
,,,
,,,
,,,
,,,
,,,
,,,
,,,
,,,
,,,
,,,
,,,
,,,
,,,
,,,
,,,
,,,
,,,
,,,
,,,
,,,
,,,
,,,
,,,
,,,
,,,
,,,
,,,
,,,
,,,
,,,
,,,
,,,
,,,
,,,
,,,
,,,
,,,
,,,
,,,
,,,
,,,
,,,
,,,
,,,
,,,
,,,
,,,
,,,
,,,
,,,
,,,
,,,
,,,
,,,
,,,
,,,
,,,
,,,
,,,
,,,
,,,
,,,
,,,
,,,
,,,
,,,
,,,
,,,
,,,
,,,
,,,
,,,
,,,
,,,
,,,
,,,
,,,
,,,
,,,
,,,
,,,
,,,
,,,
,,,
,,,
,,,
,,,
,,,
,,,
,,,
,,,
,,,
,,,
,,,
,,,
,,,
,,,
,,,
,,,
,,,
,,,
,,,
,,,
,,,
,,,
,,,
,,,
,,,
,,,
,,,
,,,
,,,
,,,
,,,
,,,
,,,
,,,
,,,
,,,
,,,
,,,
,,,
,,,
,,,
,,,
,,,
,,,
,,,
,,,
,,,
,,,
,,,
,,,
,,,
,,,
,,,
,,,
,,,
,,,
,,,
,,,
,,,
,,,
,,,
,,,
,,,
,,,
,,,
,,,
,,,
,,,
,,,
,,,
,,,
,,,
,,,
,,,
,,,
,,,
,,,
,,,
,,,
,,,
,,,
,,,
,,,
,,,
,,,
,,,
,,,
,,,
,,,
,,,
,,,
,,,
,,,
,,,
,,,
,,,
,,,
,,,
,,,
,,,
,,,
,,,
,,,
,,,
,,,
,,,
,,,
,,,
,,,
,,,
,,,
,,,
,,,
,,,
,,,
,,,
,,,
,,,
,,,
,,,
,,,
,,,
,,,
,,,
,,,
,,,
,,,
,,,
,,,
,,,
,,,
,,,
,,,
,,,
,,,
,,,
,,,
,,,
,,,
,,,
,,,
,,,
,,,
,,,
,,,
,,,
,,,
,,,
,,,
,,,
,,,
,,,
,,,
,,,
,,,
,,,
,,,
,,,
,,,
,,,
,,,
,,,
,,,
,,,
,,,
,,,
,,,
,,,
,,,
,,,
,,,
,,,
,,,
,,,
,,,
,,,
,,,
,,,
,,,
,,,
,,,
,,,
,,,
,,,
,,,
,,,
,,,
,,,
,,,
,,,
,,,
,,,
,,,
,,,
,,,
,,,
,,,
,,,
,,,
,,,
,,,
,,,
,,,
,,,
,,,
,,,
,,,
,,,
,,,
,,,
,,,
,,,
,,,
,,,
,,,
,,,
,,,
,,,
,,,
,,,
,,,
,,,
,,,
,,,
,,,
,,,
,,,
,,,
,,,
,,,
,,,
,,,
,,,
,,,
,,,
,,,
,,,
,,,
,,,
,,,
,,,
,,,
,,,
,,,
,,,
,,,
,,,
,,,
,,,
,,,
,,,
,,,
,,,
,,,
,,,
,,,
,,,
,,,
,,,
,,,
,,,
,,,
,,,
,,,
,,,
,,,
,,,
,,,
,,,
,,,
,,,
,,,
,,,
,,,
,,,
,,,
,,,
,,,
,,,
,,,
,,,
,,,
,,,
,,,
,,,
,,,
,,,
,,,
,,,
,,,
,,,
,,,
,,,
,,,
,,,
,,,
,,,
,,,
,,,
,,,
,,,
,,,
,,,
,,,
,,,
,,,
,,,
,,,
,,,
,,,
,,,
,,,
,,,
,,,
,,,
,,,
,,,
,,,
,,,
,,,
,,,
,,,
,,,
,,,
,,,
,,,
,,,
,,,
,,,
,,,
,,,
,,,
,,,
,,,
,,,
,,,
,,,
,,,
,,,
,,,
,,,
,,,
,,,
,,,
,,,
,,,
,,,
,,,
,,,
,,,
,,,
,,,
,,,
,,,
,,,
,,,
,,,
,,,
,,,
,,,
,,,
,,,
,,,
,,,
,,,
,,,
,,,
,,,
,,,
,,,
,,,
,,,
,,,
,,,
,,,
,,,
,,,
,,,
,,,
,,,
,,,
,,,
,,,
,,,
,,,
,,,
,,,
,,,
,,,
,,,
,,,
,,,
,,,
,,,
,,,
,,,
,,,
,,,
,,,
,,,
,,,
,,,
,,,
,,,
,,,
,,,
,,,
,,,
,,,
,,,
,,,
,,,
,,,
,,,
,,,
,,,
,,,
,,,
,,,
,,,
,,,
,,,
,,,
,,,
,,,
,,,
,,,
,,,
,,,
,,,
,,,
,,,
,,,
,,,
,,,
,,,
,,,
,,,
,,,
,,,
,,,
,,,
,,,
,,,
,,,
,,,
,,,
,,,
,,,
,,,
,,,
,,,
,,,
,,,
,,,
,,,
,,,
,,,
,,,
,,,
,,,
,,,
,,,
,,,
,,,
,,,
,,,
,,,
,,,
,,,
,,,
,,,
,,,
,,,
,,,
,,,
,,,
,,,
,,,
,,,
,,,
,,,
,,,
,,,
,,,
,,,
,,,
,,,
,,,
,,,
,,,
,,,
,,,
,,,
,,,
,,,
,,,
,,,
,,,
,,,
,,,
,,,
,,,
,,,
,,,
,,,
,,,
,,,
,,,
,,,
,,,
,,,
,,,
,,,
,,,
,,,
,,,
,,,
,,,
,,,
,,,
,,,
,,,
,,,
,,,
,,,
,,,
,,,
,,,
,,,
,,,
,,,
,,,
,,,
,,,
,,,
,,,
,,,
,,,
,,,
,,,
,,,
,,,
,,,
,,,
,,,
,,,
,,,
,,,
,,,
,,,
,,,
,,,
,,,
,,,
,,,
,,,
,,,
,,,
,,,
,,,
,,,
,,,
,,,
,,,
,,,
,,,
,,,
,,,
,,,
,,,
,,,
,,,
,,,
,,,
,,,
,,,
,,,
,,,
,,,
,,,
,,,
,,,
,,,
,,,
,,,
,,,
,,,
,,,
,,,
,,,
,,,
,,,
,,,
,,,
,,,
,,,
,,,
,,,
,,,
,,,
,,,
,,,
,,,
,,,
,,,
,,,
,,,
,,,
,,,
,,,
,,,
,,,
,,,
,,,
,,,
,,,
,,,
,,,
,,,
,,,
,,,
,,,
,,,
,,,
,,,
,,,
,,,
,,,
,,,
,,,
,,,
,,,
,,,
,,,
,,,
,,,
,,,
,,,
,,,
,,,
,,,
,,,
,,,
,,,
,,,
,,,
,,,
,,,
,,,
,,,
,,,
,,,
,,,
,,,
,,,
,,,
,,,
,,,
,,,
,,,
,,,
,,,
,,,
,,,
,,,
,,,
,,,
,,,
,,,
,,,
,,,
,,,
,,,
,,,
,,,
,,,
,,,
,,,
,,,
,,,
,,,
,,,
,,,
,,,
,,,
,,,
,,,
,,,
,,,
,,,
,,,
,,,
,,,
,,,
,,,
,,,
,,,
,,,
,,,
,,,
,,,
,,,
,,,
,,,
,,,
,,,
,,,
,,,
,,,
,,,
,,,
,,,
,,,
,,,
,,,
,,,
,,,
,,,
,,,
,,,
,,,
,,,
,,,
,,,
,,,
,,,
,,,
,,,
,,,
,,,
,,,
,,,
,,,
,,,
,,,
,,,
,,,
,,,
,,,
,,,
,,,
,,,
,,,
,,,
,,,
,,,
,,,
,,,
,,,
,,,
,,,
,,,
,,,
,,,
,,,
,,,
,,,
,,,
,,,
,,,
,,,
,,,
,,,
,,,
,,,
,,,
,,,
,,,
,,,
,,,
,,,
,,,
,,,
,,,
,,,
,,,
,,,
,,,
,,,
,,,
,,,
,,,
,,,
,,,
,,,
,,,
,,,
,,,
,,,
,,,
,,,
,,,
,,,
,,,
,,,
,,,
,,,
,,,
,,,
,,,
,,,
,,,
,,,
,,,
,,,
,,,
,,,
,,,
,,,
,,,
,,,
,,,
,,,
,,,
,,,
,,,
,,,
,,,
,,,
,,,
,,,
,,,
,,,
,,,
,,,
,,,
,,,
,,,
,,,
,,,
,,,
,,,
,,,
,,,
,,,
,,,
,,,
,,,
,,,
,,,
,,,
,,,
,,,
,,,
,,,
,,,
,,,
,,,
,,,
,,,
,,,
,,,
,,,
,,,
,,,
,,,
,,,
,,,
,,,
,,,
,,,
,,,
,,,
,,,
,,,
,,,
,,,
,,,
,,,
,,,
,,,
,,,
,,,
,,,
,,,
,,,
,,,
,,,
,,,
,,,
,,,
,,,
,,,
,,,
,,,
,,,
,,,
,,,
,,,
,,,
,,,
,,,
,,,
,,,
,,,
,,,
,,,
,,,
,,,
,,,
,,,
,,,
,,,
,,,
,,,
,,,
,,,
,,,
,,,
,,,
,,,
,,,
,,,
,,,
,,,
,,,
,,,
,,,
,,,
,,,
,,,
,,,
,,,
,,,
,,,
,,,
,,,
,,,
,,,
,,,
,,,
,,,
,,,
,,,
,,,
,,,
,,,
,,,
,,,
,,,
,,,
,,,
,,,
,,,
,,,
,,,
,,,
,,,
,,,
,,,
,,,
,,,
,,,
,,,
,,,
,,,
,,,
,,,
,,,
,,,
,,,
,,,
,,,
,,,
,,,
,,,
,,,
,,,
,,,
,,,
,,,
,,,
,,,
,,,
,,,
,,,
,,,
,,,
,,,
,,,
,,,
,,,
,,,
,,,
,,,
,,,
,,,
,,,
,,,
,,,
,,,
,,,
,,,
,,,
,,,
,,,
,,,
,,,
,,,
,,,
,,,
,,,
,,,
,,,
,,,
,,,
,,,
,,,
,,,
,,,
,,,
,,,
,,,
,,,
,,,
,,,
,,,
,,,
,,,
,,,
,,,
,,,
,,,
,,,
,,,
,,,
,,,
,,,
,,,
,,,
,,,
,,,
,,,
,,,
,,,
,,,
,,,
,,,
,,,
,,,
,,,
,,,
,,,
,,,
,,,
,,,
,,,
,,,
,,,
,,,
,,,
,,,
,,,
,,,
,,,
,,,
,,,
,,,
,,,
,,,
,,,
,,,
,,,
,,,
,,,
,,,
,,,
,,,
,,,
,,,
,,,
,,,
,,,
,,,
,,,
,,,
,,,
,,,
,,,
,,,
,,,
,,,
,,,
,,,
,,,
,,,
,,,
,,,
,,,
,,,
,,,
,,,
,,,
,,,
,,,
,,,
,,,
,,,
,,,
,,,
,,,
,,,
,,,
,,,
,,,
,,,
,,,
,,,
,,,
,,,
,,,
,,,
,,,
,,,
,,,
,,,
,,,
,,,
,,,
,,,
,,,
,,,
,,,
,,,
,,,
,,,
,,,
,,,
,,,
,,,
,,,
,,,
,,,
,,,
,,,
,,,
,,,
,,,
,,,
,,,
,,,
,,,
,,,
,,,
,,,
,,,
,,,
,,,
,,,
,,,
,,,
,,,
,,,
,,,
,,,
,,,
,,,
,,,
,,,
,,,
,,,
,,,
,,,
,,,
,,,
,,,
,,,
,,,
,,,
,,,
,,,
,,,
,,,
,,,
,,,
,,,
,,,
,,,
,,,
,,,
,,,
,,,
,,,
,,,
,,,
,,,
,,,
,,,
,,,
,,,
,,,
,,,
,,,
,,,
,,,
,,,
,,,
,,,
,,,
,,,
,,,
,,,
,,,
,,,
,,,
,,,
,,,
,,,
,,,
,,,
,,,
,,,
,,,
,,,
,,,
,,,
,,,
,,,
,,,
,,,
,,,
,,,
,,,
,,,
,,,
,,,
,,,
,,,
,,,
,,,
,,,
,,,
,,,
,,,
,,,
,,,
,,,
,,,
,,,
,,,
,,,
,,,
,,,
,,,
,,,
,,,
,,,
,,,
,,,
,,,
,,,
,,,
,,,
,,,
,,,
,,,
,,,
,,,
,,,
,,,
,,,
,,,
,,,
,,,
,,,
,,,
,,,
,,,
,,,
,,,
,,,
,,,
,,,
,,,
,,,
,,,
,,,
,,,
,,,
,,,
,,,
,,,
,,,
,,,
,,,
,,,
,,,
,,,
,,,
,,,
,,,
,,,
,,,
,,,
,,,
,,,
,,,
,,,
,,,
,,,
,,,
,,,
,,,
,,,
,,,
,,,
,,,
,,,
,,,
,,,
,,,
,,,
,,,
,,,
,,,
,,,
,,,
,,,
,,,
,,,
,,,
,,,
,,,
,,,
,,,
,,,
,,,
,,,
,,,
,,,
,,,
,,,
,,,
,,,
,,,
,,,
,,,
,,,
,,,
,,,
,,,
,,,
,,,
,,,
,,,
,,,
,,,
,,,
,,,
,,,
,,,
,,,
,,,
,,,
,,,
,,,
,,,
,,,
,,,
,,,
,,,
,,,
,,,
,,,
,,,
,,,
,,,
,,,
,,,
,,,
,,,
,,,
,,,
,,,
,,,
,,,
,,,
,,,
,,,
,,,
,,,
,,,
,,,
,,,
,,,
,,,
,,,
,,,
,,,
,,,
,,,
,,,
,,,
,,,
,,,
,,,
,,,
,,,
,,,
,,,
,,,
,,,
,,,
,,,
,,,
,,,
,,,
,,,
,,,
,,,
,,,
,,,
,,,
,,,
,,,
,,,
,,,
,,,
,,,
,,,
,,,
,,,
,,,
,,,
,,,
,,,
,,,
,,,
,,,
,,,
,,,
,,,
,,,
,,,
,,,
,,,
,,,
,,,
,,,
,,,
,,,
,,,
,,,
,,,
,,,
,,,
,,,
,,,
,,,
,,,
,,,
,,,
,,,
,,,
,,,
,,,
,,,
,,,
,,,
,,,
,,,
,,,
,,,
,,,
,,,
,,,
,,,
,,,
,,,
,,,
,,,
,,,
,,,
,,,
,,,
,,,
,,,
,,,
,,,
,,,
,,,
,,,
,,,
,,,
,,,
,,,
,,,
,,,
,,,
,,,
,,,
,,,
,,,
,,,
,,,
,,,
,,,
,,,
,,,
,,,
,,,
,,,
,,,
,,,
,,,
,,,
,,,
,,,
,,,
,,,
,,,
,,,
,,,
,,,
,,,
,,,
,,,
,,,
,,,
,,,
,,,
,,,
,,,
,,,
,,,
,,,
,,,
,,,
,,,
,,,
,,,
,,,
,,,
,,,
,,,
,,,
,,,
,,,
,,,
,,,
,,,
,,,
,,,
,,,
,,,
,,,
,,,
,,,
,,,
,,,
,,,
,,,
,,,
,,,
,,,
,,,
,,,
,,,
,,,
,,,
,,,
,,,
,,,
,,,
,,,
,,,
,,,
,,,
,,,
,,,
,,,
,,,
,,,
,,,
,,,
,,,
,,,
,,,
,,,
,,,
,,,
,,,
,,,
,,,
,,,
,,,
,,,
,,,
,,,
,,,
,,,
,,,
,,,
,,,
,,,
,,,
,,,
,,,
,,,
,,,
,,,
,,,
,,,
,,,
,,,
,,,
,,,
,,,
,,,
,,,
,,,
,,,
,,,
,,,
,,,
,,,
,,,
,,,
,,,
,,,
,,,
,,,
,,,
,,,
,,,
,,,
,,,
,,,
,,,
,,,
,,,
,,,
,,,
,,,
,,,
,,,
,,,
,,,
,,,
,,,
,,,
,,,
,,,
,,,
,,,
,,,
,,,
,,,
,,,
,,,
,,,
,,,
,,,
,,,
,,,
,,,
,,,
,,,
,,,
,,,
,,,
,,,
,,,
,,,
,,,
,,,
,,,
,,,
,,,
,,,
,,,
,,,
,,,
,,,
,,,
,,,
,,,
,,,
,,,
,,,
,,,
,,,
,,,
,,,
,,,
,,,
,,,
,,,
,,,
,,,
,,,
,,,
,,,
,,,
,,,
,,,
,,,
,,,
,,,
,,,
,,,
,,,
,,,
,,,
,,,
,,,
,,,
,,,
,,,
,,,
,,,
,,,
,,,
,,,
,,,
,,,
,,,
,,,
,,,
,,,
,,,
,,,
,,,
,,,
,,,
,,,
,,,
,,,
,,,
,,,
,,,
,,,
,,,
,,,
,,,
,,,
,,,
,,,
,,,
,,,
,,,
,,,
,,,
,,,
,,,
,,,
,,,
,,,
,,,
,,,
,,,
,,,
,,,
,,,
,,,
,,,
,,,
,,,
,,,
,,,
,,,
,,,
,,,
,,,
,,,
,,,
,,,
,,,
,,,
,,,
,,,
,,,
,,,
,,,
,,,
,,,
,,,
,,,
,,,
,,,
,,,
,,,
,,,
,,,
,,,
,,,
,,,
,,,
,,,
,,,
,,,
,,,
,,,
,,,
,,,
,,,
,,,
,,,
,,,
,,,
,,,
,,,
,,,
,,,
,,,
,,,
,,,
,,,
,,,
,,,
,,,
,,,
,,,
,,,
,,,
,,,
,,,
,,,
,,,
,,,
,,,
,,,
,,,
,,,
,,,
,,,
,,,
,,,
,,,
,,,
,,,
,,,
,,,
,,,
,,,
,,,
,,,
,,,
,,,
,,,
,,,
,,,
,,,
,,,
,,,
,,,
,,,
,,,
,,,
,,,
,,,
,,,
,,,
,,,
,,,
,,,
,,,
,,,
,,,
,,,
,,,
,,,
,,,
,,,
,,,
,,,
,,,
,,,
,,,
,,,
,,,
,,,
,,,
,,,
,,,
,,,
,,,
,,,
,,,
,,,
,,,
,,,
,,,
,,,
,,,
,,,
,,,
,,,
,,,
,,,
,,,
,,,
,,,
,,,
,,,
,,,
,,,
,,,
,,,
,,,
,,,
,,,
,,,
,,,
,,,
,,,
,,,
,,,
,,,
,,,
,,,
,,,
,,,
,,,
,,,
,,,
,,,
,,,
,,,
,,,
,,,
,,,
,,,
,,,
,,,
,,,
,,,
,,,
,,,
,,,
,,,
,,,
,,,
,,,
,,,
,,,
,,,
,,,
,,,
,,,
,,,
,,,
,,,
,,,
,,,
,,,
,,,
,,,
,,,
,,,
,,,
,,,
,,,
,,,
,,,
,,,
,,,
,,,
,,,
,,,
,,,
,,,
,,,
,,,
,,,
,,,
,,,
,,,
,,,
,,,
,,,
,,,
,,,
,,,
,,,
,,,
,,,
,,,
,,,
,,,
,,,
,,,
,,,
,,,
,,,
,,,
,,,
,,,
,,,
,,,
,,,
,,,
,,,
,,,
,,,
,,,
,,,
,,,
,,,
,,,
,,,
,,,
,,,
,,,
,,,
,,,
,,,
,,,
,,,
,,,
,,,
,,,
,,,
,,,
,,,
,,,
,,,
,,,
,,,
,,,
,,,
,,,
,,,
,,,
,,,
,,,
,,,
,,,
,,,
,,,
,,,
,,,
,,,
,,,
,,,
,,,
,,,
,,,
,,,
,,,
,,,
,,,
,,,
,,,
,,,
,,,
,,,
,,,
,,,
,,,
,,,
,,,
,,,
,,,
,,,
,,,
,,,
,,,
,,,
,,,
,,,
,,,
,,,
,,,
,,,
,,,
,,,
,,,
,,,
,,,
,,,
,,,
,,,
,,,
,,,
,,,
,,,
,,,
,,,
,,,
,,,
,,,
,,,
,,,
,,,
,,,
,,,
,,,
,,,
,,,
,,,
,,,
,,,
,,,
,,,
,,,
,,,
,,,
,,,
,,,
,,,
,,,
,,,
,,,
,,,
,,,
,,,
,,,
,,,
,,,
,,,
,,,
,,,
,,,
,,,
,,,
,,,
,,,
,,,
,,,
,,,
,,,
,,,
,,,
